"","UniProt_ID","Molecular_function","GO_ID"
"1","O00175","CCR3 chemokine receptor binding","GO:0031728"
"2","O00175","CCR chemokine receptor binding","GO:0048020"
"3","O00175","chemokine activity","GO:0008009"
"4","O00175","receptor ligand activity","GO:0048018"
"5","O00182","carbohydrate binding","GO:0030246"
"6","O00182","disaccharide binding","GO:0048030"
"7","O00182","enzyme binding","GO:0019899"
"8","O00182","galactose binding","GO:0005534"
"9","O00182","galactoside binding","GO:0016936"
"10","O00300","cytokine activity","GO:0005125"
"11","O00300","signaling receptor activity","GO:0038023"
"12","O00308","RNA polymerase II transcription factor binding","GO:0001085"
"13","O00308","transcription factor binding","GO:0008134"
"14","O00308","ubiquitin protein ligase activity","GO:0061630"
"15","O00308","ubiquitin-protein transferase activity","GO:0004842"
"16","O00533","protease binding","GO:0002020"
"17","O14625","chemokine activity","GO:0008009"
"18","O14625","CXCR3 chemokine receptor binding","GO:0048248"
"19","O14625","heparin binding","GO:0008201"
"20","O14786","coreceptor activity","GO:0015026"
"21","O14786","cytokine binding","GO:0019955"
"22","O14786","growth factor binding","GO:0019838"
"23","O14786","GTPase activator activity","GO:0005096"
"24","O14786","heparin binding","GO:0008201"
"25","O14786","metal ion binding","GO:0046872"
"26","O14786","protein kinase binding","GO:0019901"
"27","O14786","semaphorin receptor activity","GO:0017154"
"28","O14786","vascular endothelial growth factor-activated receptor activity","GO:0005021"
"29","O14786","vascular endothelial growth factor binding","GO:0038085"
"30","O14788","cytokine activity","GO:0005125"
"31","O14788","identical protein binding","GO:0042802"
"32","O14788","tumor necrosis factor receptor binding","GO:0005164"
"33","O14788","tumor necrosis factor receptor superfamily binding","GO:0032813"
"34","O14798","TRAIL binding","GO:0045569"
"35","O14798","transmembrane signaling receptor activity","GO:0004888"
"36","O14944","epidermal growth factor receptor binding","GO:0005154"
"37","O14944","growth factor activity","GO:0008083"
"38","O15031","semaphorin receptor activity","GO:0017154"
"39","O15123","metal ion binding","GO:0046872"
"40","O15123","receptor tyrosine kinase binding","GO:0030971"
"41","O15123","signaling receptor binding","GO:0005102"
"42","O15169","armadillo repeat domain binding","GO:0070016"
"43","O15169","beta-catenin binding","GO:0008013"
"44","O15169","enzyme binding","GO:0019899"
"45","O15169","identical protein binding","GO:0042802"
"46","O15169","I-SMAD binding","GO:0070411"
"47","O15169","molecular adaptor activity","GO:0060090"
"48","O15169","protein homodimerization activity","GO:0042803"
"49","O15169","protein kinase binding","GO:0019901"
"50","O15169","signaling adaptor activity","GO:0035591"
"51","O15169","SMAD binding","GO:0046332"
"52","O15169","ubiquitin protein ligase binding","GO:0031625"
"53","O15263","CCR6 chemokine receptor binding","GO:0031731"
"54","O15263","chemoattractant activity","GO:0042056"
"55","O15444","CCR10 chemokine receptor binding","GO:0031735"
"56","O15444","CCR chemokine receptor binding","GO:0048020"
"57","O15444","chemokine activity","GO:0008009"
"58","O15444","chemokine receptor binding","GO:0042379"
"59","O15444","hormone activity","GO:0005179"
"60","O15467","CCR chemokine receptor binding","GO:0048020"
"61","O15467","chemoattractant activity","GO:0042056"
"62","O15467","chemokine activity","GO:0008009"
"63","O15496","calcium ion binding","GO:0005509"
"64","O15496","phospholipase A2 activity","GO:0004623"
"65","O15496","phospholipase A2 activity (consuming 1,2-dipalmitoylphosphatidylcholine)","GO:0102567"
"66","O15496","phospholipase A2 activity consuming 1,2-dioleoylphosphatidylethanolamine)","GO:0102568"
"67","O15496","phospholipase activity","GO:0004620"
"68","O43508","cytokine activity","GO:0005125"
"69","O43508","signaling receptor binding","GO:0005102"
"70","O43508","tumor necrosis factor receptor binding","GO:0005164"
"71","O43557","cysteine-type endopeptidase inhibitor activity involved in apoptotic process","GO:0043027"
"72","O43557","cytokine activity","GO:0005125"
"73","O43557","identical protein binding","GO:0042802"
"74","O43557","signaling receptor binding","GO:0005102"
"75","O43557","tumor necrosis factor receptor binding","GO:0005164"
"76","O43927","CCR10 chemokine receptor binding","GO:0031735"
"77","O43927","chemokine activity","GO:0008009"
"78","O43927","CXCR3 chemokine receptor binding","GO:0048248"
"79","O43927","CXCR5 chemokine receptor binding","GO:0031724"
"80","O43927","fibroblast growth factor binding","GO:0017134"
"81","O43927","heparin binding","GO:0008201"
"82","O43927","protein heterodimerization activity","GO:0046982"
"83","O43927","receptor ligand activity","GO:0048018"
"84","O75015","IgG binding","GO:0019864"
"85","O75023","transmembrane signaling receptor activity","GO:0004888"
"86","O75144","identical protein binding","GO:0042802"
"87","O75144","signaling receptor binding","GO:0005102"
"88","O75594","N-acetylmuramoyl-L-alanine amidase activity","GO:0008745"
"89","O75594","peptidoglycan binding","GO:0042834"
"90","O75594","peptidoglycan receptor activity","GO:0016019"
"91","O75594","zinc ion binding","GO:0008270"
"92","O94985","amyloid-beta binding","GO:0001540"
"93","O94985","calcium ion binding","GO:0005509"
"94","O94985","kinesin binding","GO:0019894"
"95","O94985","X11-like protein binding","GO:0042988"
"96","O95445","antioxidant activity","GO:0016209"
"97","O95445","lipid transporter activity","GO:0005319"
"98","O95445","phospholipid binding","GO:0005543"
"99","O95630","Lys63-specific deubiquitinase activity","GO:0061578"
"100","O95630","metal ion binding","GO:0046872"
"101","O95630","metallopeptidase activity","GO:0008237"
"102","O95630","protein domain specific binding","GO:0019904"
"103","O95630","thiol-dependent ubiquitin-specific protease activity","GO:0004843"
"104","O95727","identical protein binding","GO:0042802"
"105","O95727","signaling receptor binding","GO:0005102"
"106","O95750","fibroblast growth factor receptor binding","GO:0005104"
"107","O95750","growth factor activity","GO:0008083"
"108","O95760","cytokine activity","GO:0005125"
"109","O95998","interleukin-18 binding","GO:0042007"
"110","O95998","receptor antagonist activity","GO:0048019"
"111","P00441","chaperone binding","GO:0051087"
"112","P00441","copper ion binding","GO:0005507"
"113","P00441","identical protein binding","GO:0042802"
"114","P00441","protein homodimerization activity","GO:0042803"
"115","P00441","protein phosphatase 2B binding","GO:0030346"
"116","P00441","Rac GTPase binding","GO:0048365"
"117","P00441","superoxide dismutase activity","GO:0004784"
"118","P00441","zinc ion binding","GO:0008270"
"119","P00533","actin filament binding","GO:0051015"
"120","P00533","ATPase binding","GO:0051117"
"121","P00533","ATP binding","GO:0005524"
"122","P00533","cadherin binding","GO:0045296"
"123","P00533","calmodulin binding","GO:0005516"
"124","P00533","chromatin binding","GO:0003682"
"125","P00533","double-stranded DNA binding","GO:0003690"
"126","P00533","enzyme binding","GO:0019899"
"127","P00533","epidermal growth factor-activated receptor activity","GO:0005006"
"128","P00533","epidermal growth factor binding","GO:0048408"
"129","P00533","identical protein binding","GO:0042802"
"130","P00533","integrin binding","GO:0005178"
"131","P00533","MAP kinase kinase kinase activity","GO:0004709"
"132","P00533","protein heterodimerization activity","GO:0046982"
"133","P00533","protein kinase binding","GO:0019901"
"134","P00533","protein phosphatase binding","GO:0019903"
"135","P00533","protein tyrosine kinase activity","GO:0004713"
"136","P00533","transmembrane receptor protein tyrosine kinase activity","GO:0004714"
"137","P00533","transmembrane signaling receptor activity","GO:0004888"
"138","P00533","ubiquitin protein ligase binding","GO:0031625"
"139","P00533","virus receptor activity","GO:0001618"
"140","P00749","serine-type endopeptidase activity","GO:0004252"
"141","P00750","phosphoprotein binding","GO:0051219"
"142","P00750","serine-type endopeptidase activity","GO:0004252"
"143","P00750","signaling receptor binding","GO:0005102"
"144","P00813","adenosine deaminase activity","GO:0004000"
"145","P00813","purine nucleoside binding","GO:0001883"
"146","P00813","zinc ion binding","GO:0008270"
"147","P00915","arylesterase activity","GO:0004064"
"148","P00915","carbonate dehydratase activity","GO:0004089"
"149","P00915","hydro-lyase activity","GO:0016836"
"150","P00915","zinc ion binding","GO:0008270"
"151","P01033","cytokine activity","GO:0005125"
"152","P01033","growth factor activity","GO:0008083"
"153","P01033","metalloendopeptidase inhibitor activity","GO:0008191"
"154","P01033","peptidase inhibitor activity","GO:0030414"
"155","P01033","protease binding","GO:0002020"
"156","P01033","zinc ion binding","GO:0008270"
"157","P01034","amyloid-beta binding","GO:0001540"
"158","P01034","cysteine-type endopeptidase inhibitor activity","GO:0004869"
"159","P01034","endopeptidase inhibitor activity","GO:0004866"
"160","P01034","identical protein binding","GO:0042802"
"161","P01034","peptidase inhibitor activity","GO:0030414"
"162","P01034","protease binding","GO:0002020"
"163","P01127","chemoattractant activity","GO:0042056"
"164","P01127","collagen binding","GO:0005518"
"165","P01127","growth factor activity","GO:0008083"
"166","P01127","identical protein binding","GO:0042802"
"167","P01127","platelet-derived growth factor binding","GO:0048407"
"168","P01127","platelet-derived growth factor receptor binding","GO:0005161"
"169","P01127","protein heterodimerization activity","GO:0046982"
"170","P01127","protein homodimerization activity","GO:0042803"
"171","P01127","superoxide-generating NADPH oxidase activator activity","GO:0016176"
"172","P01130","amyloid-beta binding","GO:0001540"
"173","P01130","calcium ion binding","GO:0005509"
"174","P01130","clathrin heavy chain binding","GO:0032050"
"175","P01130","identical protein binding","GO:0042802"
"176","P01130","low-density lipoprotein particle binding","GO:0030169"
"177","P01130","low-density lipoprotein particle receptor activity","GO:0005041"
"178","P01130","protease binding","GO:0002020"
"179","P01130","very-low-density lipoprotein particle receptor activity","GO:0030229"
"180","P01130","virus receptor activity","GO:0001618"
"181","P01133","calcium ion binding","GO:0005509"
"182","P01133","epidermal growth factor receptor binding","GO:0005154"
"183","P01133","growth factor activity","GO:0008083"
"184","P01133","Ras guanyl-nucleotide exchange factor activity","GO:0005088"
"185","P01133","transmembrane receptor protein tyrosine kinase activator activity","GO:0030297"
"186","P01133","Wnt-activated receptor activity","GO:0042813"
"187","P01133","Wnt-protein binding","GO:0017147"
"188","P01135","epidermal growth factor receptor binding","GO:0005154"
"189","P01135","growth factor activity","GO:0008083"
"190","P01137","antigen binding","GO:0003823"
"191","P01137","cytokine activity","GO:0005125"
"192","P01137","enzyme binding","GO:0019899"
"193","P01137","growth factor activity","GO:0008083"
"194","P01137","identical protein binding","GO:0042802"
"195","P01137","transforming growth factor beta receptor binding","GO:0005160"
"196","P01137","type III transforming growth factor beta receptor binding","GO:0034714"
"197","P01137","type II transforming growth factor beta receptor binding","GO:0005114"
"198","P01137","type I transforming growth factor beta receptor binding","GO:0034713"
"199","P01138","cysteine-type endopeptidase activator activity involved in apoptotic process","GO:0008656"
"200","P01138","death receptor agonist activity","GO:0038177"
"201","P01138","growth factor activity","GO:0008083"
"202","P01138","lipid binding","GO:0008289"
"203","P01138","metalloendopeptidase inhibitor activity","GO:0008191"
"204","P01138","nerve growth factor receptor binding","GO:0005163"
"205","P01374","cytokine activity","GO:0005125"
"206","P01374","signaling receptor binding","GO:0005102"
"207","P01374","tumor necrosis factor receptor binding","GO:0005164"
"208","P01375","cytokine activity","GO:0005125"
"209","P01375","identical protein binding","GO:0042802"
"210","P01375","protease binding","GO:0002020"
"211","P01375","transcription regulatory region DNA binding","GO:0044212"
"212","P01375","tumor necrosis factor receptor binding","GO:0005164"
"213","P01574","chloramphenicol O-acetyltransferase activity","GO:0008811"
"214","P01574","cytokine activity","GO:0005125"
"215","P01574","type I interferon receptor binding","GO:0005132"
"216","P01579","cytokine activity","GO:0005125"
"217","P01579","interferon-gamma receptor binding","GO:0005133"
"218","P01583","copper ion binding","GO:0005507"
"219","P01583","cytokine activity","GO:0005125"
"220","P01583","interleukin-1 receptor binding","GO:0005149"
"221","P01589","interleukin-2 binding","GO:0019976"
"222","P01589","interleukin-2 receptor activity","GO:0004911"
"223","P01730","coreceptor activity","GO:0015026"
"224","P01730","enzyme binding","GO:0019899"
"225","P01730","extracellular matrix structural constituent","GO:0005201"
"226","P01730","identical protein binding","GO:0042802"
"227","P01730","immunoglobulin binding","GO:0019865"
"228","P01730","interleukin-16 binding","GO:0042011"
"229","P01730","interleukin-16 receptor activity","GO:0042012"
"230","P01730","MHC class II protein binding","GO:0042289"
"231","P01730","protein homodimerization activity","GO:0042803"
"232","P01730","protein kinase binding","GO:0019901"
"233","P01730","protein tyrosine kinase binding","GO:1990782"
"234","P01730","signaling receptor activity","GO:0038023"
"235","P01730","transmembrane signaling receptor activity","GO:0004888"
"236","P01730","virus receptor activity","GO:0001618"
"237","P01730","zinc ion binding","GO:0008270"
"238","P01732","coreceptor activity","GO:0015026"
"239","P01732","MHC class I protein binding","GO:0042288"
"240","P01732","MHC class I protein complex binding","GO:0023024"
"241","P01732","protein kinase binding","GO:0019901"
"242","P02144","heme binding","GO:0020037"
"243","P02144","metal ion binding","GO:0046872"
"244","P02144","oxygen binding","GO:0019825"
"245","P02144","oxygen carrier activity","GO:0005344"
"246","P02452","extracellular matrix structural constituent","GO:0005201"
"247","P02452","extracellular matrix structural constituent conferring tensile strength","GO:0030020"
"248","P02452","identical protein binding","GO:0042802"
"249","P02452","metal ion binding","GO:0046872"
"250","P02452","platelet-derived growth factor binding","GO:0048407"
"251","P02452","protease binding","GO:0002020"
"252","P02778","cAMP-dependent protein kinase regulator activity","GO:0008603"
"253","P02778","chemoattractant activity","GO:0042056"
"254","P02778","chemokine activity","GO:0008009"
"255","P02778","CXCR3 chemokine receptor binding","GO:0048248"
"256","P02778","heparin binding","GO:0008201"
"257","P02778","signaling receptor binding","GO:0005102"
"258","P02786","double-stranded RNA binding","GO:0003725"
"259","P02786","identical protein binding","GO:0042802"
"260","P02786","protein homodimerization activity","GO:0042803"
"261","P02786","RNA binding","GO:0003723"
"262","P02786","transferrin receptor activity","GO:0004998"
"263","P02786","virus receptor activity","GO:0001618"
"264","P03950","actin binding","GO:0003779"
"265","P03950","copper ion binding","GO:0005507"
"266","P03950","DNA binding","GO:0003677"
"267","P03950","endonuclease activity","GO:0004519"
"268","P03950","heparin binding","GO:0008201"
"269","P03950","peptide binding","GO:0042277"
"270","P03950","protein homodimerization activity","GO:0042803"
"271","P03950","ribonuclease activity","GO:0004540"
"272","P03950","rRNA binding","GO:0019843"
"273","P03950","signaling receptor binding","GO:0005102"
"274","P03951","heparin binding","GO:0008201"
"275","P03951","identical protein binding","GO:0042802"
"276","P03951","serine-type aminopeptidase activity","GO:0070009"
"277","P03951","serine-type endopeptidase activity","GO:0004252"
"278","P03956","endopeptidase activity","GO:0004175"
"279","P03956","metalloendopeptidase activity","GO:0004222"
"280","P03956","serine-type endopeptidase activity","GO:0004252"
"281","P03956","zinc ion binding","GO:0008270"
"282","P04070","calcium ion binding","GO:0005509"
"283","P04070","serine-type endopeptidase activity","GO:0004252"
"284","P04080","cysteine-type endopeptidase inhibitor activity","GO:0004869"
"285","P04080","endopeptidase inhibitor activity","GO:0004866"
"286","P04080","protease binding","GO:0002020"
"287","P04080","RNA binding","GO:0003723"
"288","P04085","collagen binding","GO:0005518"
"289","P04085","growth factor activity","GO:0008083"
"290","P04085","identical protein binding","GO:0042802"
"291","P04085","platelet-derived growth factor binding","GO:0048407"
"292","P04085","platelet-derived growth factor receptor binding","GO:0005161"
"293","P04085","protein heterodimerization activity","GO:0046982"
"294","P04085","protein homodimerization activity","GO:0042803"
"295","P04275","chaperone binding","GO:0051087"
"296","P04275","collagen binding","GO:0005518"
"297","P04275","identical protein binding","GO:0042802"
"298","P04275","immunoglobulin binding","GO:0019865"
"299","P04275","integrin binding","GO:0005178"
"300","P04275","protease binding","GO:0002020"
"301","P04275","protein homodimerization activity","GO:0042803"
"302","P04275","protein N-terminus binding","GO:0047485"
"303","P05089","arginase activity","GO:0004053"
"304","P05089","manganese ion binding","GO:0030145"
"305","P05107","amyloid-beta binding","GO:0001540"
"306","P05107","cell adhesion molecule binding","GO:0050839"
"307","P05107","complement component C3b binding","GO:0001851"
"308","P05107","heat shock protein binding","GO:0031072"
"309","P05107","ICAM-3 receptor activity","GO:0030369"
"310","P05107","integrin binding","GO:0005178"
"311","P05107","metal ion binding","GO:0046872"
"312","P05107","protein heterodimerization activity","GO:0046982"
"313","P05107","protein kinase binding","GO:0019901"
"314","P05112","cytokine activity","GO:0005125"
"315","P05112","growth factor activity","GO:0008083"
"316","P05112","interleukin-4 receptor binding","GO:0005136"
"317","P05113","cytokine activity","GO:0005125"
"318","P05113","growth factor activity","GO:0008083"
"319","P05113","interleukin-5 receptor binding","GO:0005137"
"320","P05121","protease binding","GO:0002020"
"321","P05121","serine-type endopeptidase inhibitor activity","GO:0004867"
"322","P05121","signaling receptor binding","GO:0005102"
"323","P05154","acrosin binding","GO:0032190"
"324","P05154","glycosaminoglycan binding","GO:0005539"
"325","P05154","heparin binding","GO:0008201"
"326","P05154","phosphatidylcholine binding","GO:0031210"
"327","P05154","protease binding","GO:0002020"
"328","P05154","retinoic acid binding","GO:0001972"
"329","P05154","serine-type endopeptidase inhibitor activity","GO:0004867"
"330","P05164","chromatin binding","GO:0003682"
"331","P05164","heme binding","GO:0020037"
"332","P05164","heparin binding","GO:0008201"
"333","P05164","metal ion binding","GO:0046872"
"334","P05164","peroxidase activity","GO:0004601"
"335","P05231","cytokine activity","GO:0005125"
"336","P05231","growth factor activity","GO:0008083"
"337","P05231","interleukin-6 receptor binding","GO:0005138"
"338","P05362","integrin binding","GO:0005178"
"339","P05362","signaling receptor activity","GO:0038023"
"340","P05362","transmembrane signaling receptor activity","GO:0004888"
"341","P05362","virus receptor activity","GO:0001618"
"342","P05451","growth factor activity","GO:0008083"
"343","P05451","oligosaccharide binding","GO:0070492"
"344","P05451","peptidoglycan binding","GO:0042834"
"345","P05451","protein homodimerization activity","GO:0042803"
"346","P05451","protein phosphatase binding","GO:0019903"
"347","P05451","transmembrane signaling receptor activity","GO:0004888"
"348","P05543","serine-type endopeptidase inhibitor activity","GO:0004867"
"349","P06127","scavenger receptor activity","GO:0005044"
"350","P06127","signaling receptor activity","GO:0038023"
"351","P06127","transmembrane signaling receptor activity","GO:0004888"
"352","P06681","metal ion binding","GO:0046872"
"353","P06681","serine-type endopeptidase activity","GO:0004252"
"354","P06748","activating transcription factor binding","GO:0033613"
"355","P06748","chromatin binding","GO:0003682"
"356","P06748","core promoter binding","GO:0001047"
"357","P06748","histone binding","GO:0042393"
"358","P06748","NF-kappaB binding","GO:0051059"
"359","P06748","protein heterodimerization activity","GO:0046982"
"360","P06748","protein homodimerization activity","GO:0042803"
"361","P06748","protein kinase binding","GO:0019901"
"362","P06748","protein kinase inhibitor activity","GO:0004860"
"363","P06748","protein N-terminus binding","GO:0047485"
"364","P06748","ribosomal large subunit binding","GO:0043023"
"365","P06748","ribosomal small subunit binding","GO:0043024"
"366","P06748","RNA binding","GO:0003723"
"367","P06748","rRNA binding","GO:0019843"
"368","P06748","Tat protein binding","GO:0030957"
"369","P06748","transcription coactivator activity","GO:0003713"
"370","P06748","transcription factor binding","GO:0008134"
"371","P06748","unfolded protein binding","GO:0051082"
"372","P07196","identical protein binding","GO:0042802"
"373","P07196","phospholipase binding","GO:0043274"
"374","P07196","protein binding, bridging","GO:0030674"
"375","P07196","protein C-terminus binding","GO:0008022"
"376","P07196","protein domain specific binding","GO:0019904"
"377","P07196","protein heterodimerization activity","GO:0046982"
"378","P07196","structural constituent of cytoskeleton","GO:0005200"
"379","P07196","structural constituent of postsynaptic intermediate filament cytoskeleton","GO:0099184"
"380","P07306","asialoglycoprotein receptor activity","GO:0004873"
"381","P07306","carbohydrate binding","GO:0030246"
"382","P07306","metal ion binding","GO:0046872"
"383","P07306","protein homodimerization activity","GO:0042803"
"384","P07339","aspartic-type endopeptidase activity","GO:0004190"
"385","P07339","aspartic-type peptidase activity","GO:0070001"
"386","P07339","peptidase activity","GO:0008233"
"387","P07359","thrombin-activated receptor activity","GO:0015057"
"388","P07451","carbonate dehydratase activity","GO:0004089"
"389","P07451","nickel cation binding","GO:0016151"
"390","P07451","phosphatase activity","GO:0016791"
"391","P07451","zinc ion binding","GO:0008270"
"392","P07478","calcium ion binding","GO:0005509"
"393","P07478","serine-type endopeptidase activity","GO:0004252"
"394","P07585","collagen binding","GO:0005518"
"395","P07585","extracellular matrix binding","GO:0050840"
"396","P07585","extracellular matrix structural constituent conferring compression resistance","GO:0030021"
"397","P07585","glycosaminoglycan binding","GO:0005539"
"398","P07585","protein N-terminus binding","GO:0047485"
"399","P07585","RNA binding","GO:0003723"
"400","P07911","calcium ion binding","GO:0005509"
"401","P07911","IgG binding","GO:0019864"
"402","P08253","metalloendopeptidase activity","GO:0004222"
"403","P08253","metallopeptidase activity","GO:0008237"
"404","P08253","serine-type endopeptidase activity","GO:0004252"
"405","P08253","zinc ion binding","GO:0008270"
"406","P08254","endopeptidase activity","GO:0004175"
"407","P08254","metalloendopeptidase activity","GO:0004222"
"408","P08254","metallopeptidase activity","GO:0008237"
"409","P08254","serine-type endopeptidase activity","GO:0004252"
"410","P08254","zinc ion binding","GO:0008270"
"411","P08581","ATP binding","GO:0005524"
"412","P08581","hepatocyte growth factor-activated receptor activity","GO:0005008"
"413","P08581","identical protein binding","GO:0042802"
"414","P08581","protein phosphatase binding","GO:0019903"
"415","P08581","protein tyrosine kinase activity","GO:0004713"
"416","P08581","semaphorin receptor activity","GO:0017154"
"417","P08581","transmembrane receptor protein tyrosine kinase activity","GO:0004714"
"418","P08709","calcium ion binding","GO:0005509"
"419","P08709","serine-type endopeptidase activity","GO:0004252"
"420","P08709","serine-type peptidase activity","GO:0008236"
"421","P08709","signaling receptor binding","GO:0005102"
"422","P08833","insulin-like growth factor binding","GO:0005520"
"423","P08833","insulin-like growth factor I binding","GO:0031994"
"424","P08833","insulin-like growth factor II binding","GO:0031995"
"425","P08833","signaling receptor binding","GO:0005102"
"426","P08887","ciliary neurotrophic factor binding","GO:0070119"
"427","P08887","cytokine binding","GO:0019955"
"428","P08887","cytokine receptor activity","GO:0004896"
"429","P08887","enzyme binding","GO:0019899"
"430","P08887","interleukin-6 binding","GO:0019981"
"431","P08887","interleukin-6 receptor activity","GO:0004915"
"432","P08887","protein homodimerization activity","GO:0042803"
"433","P09038","chemoattractant activity","GO:0042056"
"434","P09038","cytokine activity","GO:0005125"
"435","P09038","fibroblast growth factor receptor binding","GO:0005104"
"436","P09038","growth factor activity","GO:0008083"
"437","P09038","heparin binding","GO:0008201"
"438","P09038","integrin binding","GO:0005178"
"439","P09038","nuclear receptor transcription coactivator activity","GO:0030374"
"440","P09038","receptor-receptor interaction","GO:0090722"
"441","P09211","dinitrosyl-iron complex binding","GO:0035731"
"442","P09211","drug binding","GO:0008144"
"443","P09211","glutathione binding","GO:0043295"
"444","P09211","glutathione peroxidase activity","GO:0004602"
"445","P09211","glutathione transferase activity","GO:0004364"
"446","P09211","JUN kinase binding","GO:0008432"
"447","P09211","kinase regulator activity","GO:0019207"
"448","P09211","nitric oxide binding","GO:0070026"
"449","P09211","S-nitrosoglutathione binding","GO:0035730"
"450","P09237","heparin binding","GO:0008201"
"451","P09237","metalloendopeptidase activity","GO:0004222"
"452","P09237","metallopeptidase activity","GO:0008237"
"453","P09237","serine-type endopeptidase activity","GO:0004252"
"454","P09237","zinc ion binding","GO:0008270"
"455","P09238","metalloendopeptidase activity","GO:0004222"
"456","P09238","zinc ion binding","GO:0008270"
"457","P09341","chemokine activity","GO:0008009"
"458","P09341","enzyme activator activity","GO:0008047"
"459","P09341","growth factor activity","GO:0008083"
"460","P09341","signaling receptor binding","GO:0005102"
"461","P09382","carbohydrate binding","GO:0030246"
"462","P09382","lactose binding","GO:0030395"
"463","P09382","laminin binding","GO:0043236"
"464","P09382","protein homodimerization activity","GO:0042803"
"465","P09382","RNA binding","GO:0003723"
"466","P09466","small molecule binding","GO:0036094"
"467","P09601","enzyme binding","GO:0019899"
"468","P09601","heme binding","GO:0020037"
"469","P09601","heme oxygenase (decyclizing) activity","GO:0004392"
"470","P09601","metal ion binding","GO:0046872"
"471","P09601","phospholipase D activity","GO:0004630"
"472","P09601","protein homodimerization activity","GO:0042803"
"473","P09603","cytokine activity","GO:0005125"
"474","P09603","growth factor activity","GO:0008083"
"475","P09603","identical protein binding","GO:0042802"
"476","P09603","macrophage colony-stimulating factor receptor binding","GO:0005157"
"477","P09603","protein homodimerization activity","GO:0042803"
"478","P0DOY2","antigen binding","GO:0003823"
"479","P0DOY2","immunoglobulin receptor binding","GO:0034987"
"480","P10144","serine-type endopeptidase activity","GO:0004252"
"481","P10144","serine-type peptidase activity","GO:0008236"
"482","P10145","chemokine activity","GO:0008009"
"483","P10145","interleukin-8 receptor binding","GO:0005153"
"484","P10147","calcium-dependent protein kinase C activity","GO:0004698"
"485","P10147","CCR1 chemokine receptor binding","GO:0031726"
"486","P10147","CCR5 chemokine receptor binding","GO:0031730"
"487","P10147","CCR chemokine receptor binding","GO:0048020"
"488","P10147","chemoattractant activity","GO:0042056"
"489","P10147","chemokine activity","GO:0008009"
"490","P10147","identical protein binding","GO:0042802"
"491","P10147","kinase activity","GO:0016301"
"492","P10147","phospholipase activator activity","GO:0016004"
"493","P10147","protein kinase activity","GO:0004672"
"494","P10451","cytokine activity","GO:0005125"
"495","P10451","extracellular matrix binding","GO:0050840"
"496","P10451","integrin binding","GO:0005178"
"497","P10646","endopeptidase inhibitor activity","GO:0004866"
"498","P10646","serine-type endopeptidase inhibitor activity","GO:0004867"
"499","P10721","ATP binding","GO:0005524"
"500","P10721","cytokine binding","GO:0019955"
"501","P10721","metal ion binding","GO:0046872"
"502","P10721","protease binding","GO:0002020"
"503","P10721","protein homodimerization activity","GO:0042803"
"504","P10721","protein tyrosine kinase activity","GO:0004713"
"505","P10721","SH2 domain binding","GO:0042169"
"506","P10721","stem cell factor receptor activity","GO:0005020"
"507","P10721","transmembrane receptor protein tyrosine kinase activity","GO:0004714"
"508","P10747","coreceptor activity","GO:0015026"
"509","P10747","identical protein binding","GO:0042802"
"510","P10747","protease binding","GO:0002020"
"511","P10747","protein kinase binding","GO:0019901"
"512","P10747","SH3/SH2 adaptor activity","GO:0005070"
"513","P11215","amyloid-beta binding","GO:0001540"
"514","P11215","cargo receptor activity","GO:0038024"
"515","P11215","complement component C3b binding","GO:0001851"
"516","P11215","heat shock protein binding","GO:0031072"
"517","P11215","metal ion binding","GO:0046872"
"518","P11215","protein heterodimerization activity","GO:0046982"
"519","P11226","calcium-dependent protein binding","GO:0048306"
"520","P11226","mannose binding","GO:0005537"
"521","P11226","signaling receptor binding","GO:0005102"
"522","P11684","phospholipase A2 inhibitor activity","GO:0019834"
"523","P11684","polychlorinated biphenyl binding","GO:0097160"
"524","P12034","fibroblast growth factor receptor binding","GO:0005104"
"525","P12034","growth factor activity","GO:0008083"
"526","P12318","IgG binding","GO:0019864"
"527","P12544","protein homodimerization activity","GO:0042803"
"528","P12544","serine-type endopeptidase activity","GO:0004252"
"529","P12830","ankyrin binding","GO:0030506"
"530","P12830","beta-catenin binding","GO:0008013"
"531","P12830","cadherin binding","GO:0045296"
"532","P12830","calcium ion binding","GO:0005509"
"533","P12830","cell adhesion molecule binding","GO:0050839"
"534","P12830","cytoskeletal protein binding","GO:0008092"
"535","P12830","gamma-catenin binding","GO:0045295"
"536","P12830","GTPase activating protein binding","GO:0032794"
"537","P12830","identical protein binding","GO:0042802"
"538","P12830","protein homodimerization activity","GO:0042803"
"539","P13232","cytokine activity","GO:0005125"
"540","P13232","growth factor activity","GO:0008083"
"541","P13232","interleukin-7 receptor binding","GO:0005139"
"542","P13236","CCR1 chemokine receptor binding","GO:0031726"
"543","P13236","CCR5 chemokine receptor binding","GO:0031730"
"544","P13236","CCR chemokine receptor binding","GO:0048020"
"545","P13236","chemokine activity","GO:0008009"
"546","P13236","cytokine activity","GO:0005125"
"547","P13236","identical protein binding","GO:0042802"
"548","P13284","oxidoreductase activity, acting on a sulfur group of donors","GO:0016667"
"549","P13385","activin receptor binding","GO:0070697"
"550","P13385","growth factor activity","GO:0008083"
"551","P13385","nodal binding","GO:0038100"
"552","P13385","signaling receptor binding","GO:0005102"
"553","P13500","CCR2 chemokine receptor binding","GO:0031727"
"554","P13500","CCR chemokine receptor binding","GO:0048020"
"555","P13500","chemokine activity","GO:0008009"
"556","P13500","protein kinase activity","GO:0004672"
"557","P13500","signaling receptor binding","GO:0005102"
"558","P13501","CCR1 chemokine receptor binding","GO:0031726"
"559","P13501","CCR4 chemokine receptor binding","GO:0031729"
"560","P13501","CCR5 chemokine receptor binding","GO:0031730"
"561","P13501","CCR chemokine receptor binding","GO:0048020"
"562","P13501","chemoattractant activity","GO:0042056"
"563","P13501","chemokine activity","GO:0008009"
"564","P13501","chemokine receptor antagonist activity","GO:0046817"
"565","P13501","chemokine receptor binding","GO:0042379"
"566","P13501","identical protein binding","GO:0042802"
"567","P13501","phosphatidylinositol phospholipase C activity","GO:0004435"
"568","P13501","phospholipase activator activity","GO:0016004"
"569","P13501","protein homodimerization activity","GO:0042803"
"570","P13501","protein kinase activity","GO:0004672"
"571","P13501","protein self-association","GO:0043621"
"572","P13501","receptor signaling protein tyrosine kinase activator activity","GO:0030298"
"573","P13591","identical protein binding","GO:0042802"
"574","P13591","virus receptor activity","GO:0001618"
"575","P13598","integrin binding","GO:0005178"
"576","P13686","acid phosphatase activity","GO:0003993"
"577","P13686","ferric iron binding","GO:0008199"
"578","P13686","ferrous iron binding","GO:0008198"
"579","P13725","cytokine activity","GO:0005125"
"580","P13725","growth factor activity","GO:0008083"
"581","P13725","oncostatin-M receptor binding","GO:0005147"
"582","P13987","complement binding","GO:0001848"
"583","P14151","calcium ion binding","GO:0005509"
"584","P14151","carbohydrate binding","GO:0030246"
"585","P14151","cell adhesion molecule binding","GO:0050839"
"586","P14151","glycosphingolipid binding","GO:0043208"
"587","P14151","heparin binding","GO:0008201"
"588","P14151","oligosaccharide binding","GO:0070492"
"589","P14151","protease binding","GO:0002020"
"590","P14207","drug binding","GO:0008144"
"591","P14207","folic acid binding","GO:0005542"
"592","P14207","folic acid receptor activity","GO:0061714"
"593","P14207","methotrexate binding","GO:0051870"
"594","P14207","signaling receptor activity","GO:0038023"
"595","P14210","chemoattractant activity","GO:0042056"
"596","P14210","growth factor activity","GO:0008083"
"597","P14210","identical protein binding","GO:0042802"
"598","P14210","protein heterodimerization activity","GO:0046982"
"599","P14210","serine-type endopeptidase activity","GO:0004252"
"600","P14543","calcium ion binding","GO:0005509"
"601","P14543","collagen binding","GO:0005518"
"602","P14543","extracellular matrix structural constituent","GO:0005201"
"603","P14543","laminin-1 binding","GO:0043237"
"604","P14543","laminin binding","GO:0043236"
"605","P14543","proteoglycan binding","GO:0043394"
"606","P14543","Wnt-activated receptor activity","GO:0042813"
"607","P14543","Wnt-protein binding","GO:0017147"
"608","P14625","ATP binding","GO:0005524"
"609","P14625","calcium ion binding","GO:0005509"
"610","P14625","low-density lipoprotein particle receptor binding","GO:0050750"
"611","P14625","protein phosphatase binding","GO:0019903"
"612","P14625","RNA binding","GO:0003723"
"613","P14625","unfolded protein binding","GO:0051082"
"614","P14778","interleukin-1, type I, activating receptor activity","GO:0004909"
"615","P14778","interleukin-1 binding","GO:0019966"
"616","P14778","interleukin-1 receptor activity","GO:0004908"
"617","P14778","platelet-derived growth factor receptor binding","GO:0005161"
"618","P14778","protease binding","GO:0002020"
"619","P14778","transmembrane signaling receptor activity","GO:0004888"
"620","P14780","collagen binding","GO:0005518"
"621","P14780","endopeptidase activity","GO:0004175"
"622","P14780","identical protein binding","GO:0042802"
"623","P14780","metalloendopeptidase activity","GO:0004222"
"624","P14780","metallopeptidase activity","GO:0008237"
"625","P14780","serine-type endopeptidase activity","GO:0004252"
"626","P14780","zinc ion binding","GO:0008270"
"627","P14784","interleukin-15 receptor activity","GO:0042010"
"628","P14784","interleukin-2 binding","GO:0019976"
"629","P14784","interleukin-2 receptor activity","GO:0004911"
"630","P15018","cytokine activity","GO:0005125"
"631","P15018","growth factor activity","GO:0008083"
"632","P15018","leukemia inhibitory factor receptor binding","GO:0005146"
"633","P15018","signaling receptor binding","GO:0005102"
"634","P15085","metallocarboxypeptidase activity","GO:0004181"
"635","P15085","zinc ion binding","GO:0008270"
"636","P15086","carboxypeptidase activity","GO:0004180"
"637","P15086","metallocarboxypeptidase activity","GO:0004181"
"638","P15086","zinc ion binding","GO:0008270"
"639","P15090","fatty acid binding","GO:0005504"
"640","P15090","hormone receptor binding","GO:0051427"
"641","P15090","long-chain fatty acid binding","GO:0036041"
"642","P15090","long-chain fatty acid transporter activity","GO:0005324"
"643","P15144","aminopeptidase activity","GO:0004177"
"644","P15144","metalloaminopeptidase activity","GO:0070006"
"645","P15144","metallopeptidase activity","GO:0008237"
"646","P15144","peptide binding","GO:0042277"
"647","P15144","signaling receptor activity","GO:0038023"
"648","P15144","virus receptor activity","GO:0001618"
"649","P15144","zinc ion binding","GO:0008270"
"650","P15529","cadherin binding","GO:0045296"
"651","P15529","signaling receptor activity","GO:0038023"
"652","P15529","virus receptor activity","GO:0001618"
"653","P15692","chemoattractant activity","GO:0042056"
"654","P15692","cytokine activity","GO:0005125"
"655","P15692","extracellular matrix binding","GO:0050840"
"656","P15692","fibronectin binding","GO:0001968"
"657","P15692","growth factor activity","GO:0008083"
"658","P15692","heparin binding","GO:0008201"
"659","P15692","identical protein binding","GO:0042802"
"660","P15692","neuropilin binding","GO:0038191"
"661","P15692","platelet-derived growth factor receptor binding","GO:0005161"
"662","P15692","protein heterodimerization activity","GO:0046982"
"663","P15692","protein homodimerization activity","GO:0042803"
"664","P15692","receptor ligand activity","GO:0048018"
"665","P15692","vascular endothelial growth factor receptor 1 binding","GO:0043183"
"666","P15692","vascular endothelial growth factor receptor 2 binding","GO:0043184"
"667","P15692","vascular endothelial growth factor receptor binding","GO:0005172"
"668","P15907","beta-galactoside alpha-2,6-sialyltransferase activity","GO:0003835"
"669","P15907","protein homodimerization activity","GO:0042803"
"670","P15907","sialyltransferase activity","GO:0008373"
"671","P16109","calcium-dependent protein binding","GO:0048306"
"672","P16109","calcium ion binding","GO:0005509"
"673","P16109","fucose binding","GO:0042806"
"674","P16109","glycosphingolipid binding","GO:0043208"
"675","P16109","heparin binding","GO:0008201"
"676","P16109","lipopolysaccharide binding","GO:0001530"
"677","P16109","oligosaccharide binding","GO:0070492"
"678","P16109","sialic acid binding","GO:0033691"
"679","P16284","protein homodimerization activity","GO:0042803"
"680","P16422","cadherin binding involved in cell-cell adhesion","GO:0098641"
"681","P16422","protein-containing complex binding","GO:0044877"
"682","P16444","cysteine-type endopeptidase inhibitor activity involved in apoptotic process","GO:0043027"
"683","P16444","dipeptidyl-peptidase activity","GO:0008239"
"684","P16444","GPI anchor binding","GO:0034235"
"685","P16444","metallodipeptidase activity","GO:0070573"
"686","P16444","metalloexopeptidase activity","GO:0008235"
"687","P16444","modified amino acid binding","GO:0072341"
"688","P16444","zinc ion binding","GO:0008270"
"689","P16581","metal ion binding","GO:0046872"
"690","P16581","oligosaccharide binding","GO:0070492"
"691","P16581","phospholipase binding","GO:0043274"
"692","P16581","sialic acid binding","GO:0033691"
"693","P16581","transmembrane signaling receptor activity","GO:0004888"
"694","P16871","antigen binding","GO:0003823"
"695","P16871","cytokine receptor activity","GO:0004896"
"696","P16871","interleukin-7 receptor activity","GO:0004917"
"697","P17813","activin binding","GO:0048185"
"698","P17813","galactose binding","GO:0005534"
"699","P17813","glycosaminoglycan binding","GO:0005539"
"700","P17813","identical protein binding","GO:0042802"
"701","P17813","protein homodimerization activity","GO:0042803"
"702","P17813","transforming growth factor beta-activated receptor activity","GO:0005024"
"703","P17813","transforming growth factor beta binding","GO:0050431"
"704","P17813","transforming growth factor beta receptor, cytoplasmic mediator activity","GO:0005072"
"705","P17813","transmembrane signaling receptor activity","GO:0004888"
"706","P17813","type II transforming growth factor beta receptor binding","GO:0005114"
"707","P17813","type I transforming growth factor beta receptor binding","GO:0034713"
"708","P17931","carbohydrate binding","GO:0030246"
"709","P17931","chemoattractant activity","GO:0042056"
"710","P17931","IgE binding","GO:0019863"
"711","P17931","laminin binding","GO:0043236"
"712","P17931","oligosaccharide binding","GO:0070492"
"713","P17931","protein phosphatase binding","GO:0019903"
"714","P17931","protein phosphatase inhibitor activity","GO:0004864"
"715","P17931","RNA binding","GO:0003723"
"716","P17936","fibronectin binding","GO:0001968"
"717","P17936","insulin-like growth factor binding","GO:0005520"
"718","P17936","insulin-like growth factor I binding","GO:0031994"
"719","P17936","insulin-like growth factor II binding","GO:0031995"
"720","P17936","metal ion binding","GO:0046872"
"721","P17936","protein tyrosine phosphatase activator activity","GO:0008160"
"722","P18031","cadherin binding","GO:0045296"
"723","P18031","enzyme binding","GO:0019899"
"724","P18031","ephrin receptor binding","GO:0046875"
"725","P18031","insulin receptor binding","GO:0005158"
"726","P18031","protein kinase binding","GO:0019901"
"727","P18031","protein phosphatase 2A binding","GO:0051721"
"728","P18031","protein tyrosine phosphatase activity","GO:0004725"
"729","P18031","receptor tyrosine kinase binding","GO:0030971"
"730","P18031","RNA binding","GO:0003723"
"731","P18031","zinc ion binding","GO:0008270"
"732","P18065","insulin-like growth factor I binding","GO:0031994"
"733","P18065","insulin-like growth factor II binding","GO:0031995"
"734","P18065","signaling receptor binding","GO:0005102"
"735","P19021","calcium ion binding","GO:0005509"
"736","P19021","copper ion binding","GO:0005507"
"737","P19021","L-ascorbic acid binding","GO:0031418"
"738","P19021","peptidylamidoglycolate lyase activity","GO:0004598"
"739","P19021","peptidylglycine monooxygenase activity","GO:0004504"
"740","P19021","protein kinase binding","GO:0019901"
"741","P19021","zinc ion binding","GO:0008270"
"742","P19320","cell adhesion molecule binding","GO:0050839"
"743","P19320","integrin binding","GO:0005178"
"744","P19320","primary amine oxidase activity","GO:0008131"
"745","P19438","identical protein binding","GO:0042802"
"746","P19438","tumor necrosis factor-activated receptor activity","GO:0005031"
"747","P19438","tumor necrosis factor binding","GO:0043120"
"748","P19801","calcium ion binding","GO:0005509"
"749","P19801","copper ion binding","GO:0005507"
"750","P19801","diamine oxidase activity","GO:0052597"
"751","P19801","drug binding","GO:0008144"
"752","P19801","heparin binding","GO:0008201"
"753","P19801","histamine oxidase activity","GO:0052598"
"754","P19801","methylputrescine oxidase activity","GO:0052599"
"755","P19801","primary amine oxidase activity","GO:0008131"
"756","P19801","propane-1,3-diamine oxidase activity","GO:0052600"
"757","P19801","protein-containing complex binding","GO:0044877"
"758","P19801","protein homodimerization activity","GO:0042803"
"759","P19801","quinone binding","GO:0048038"
"760","P19801","zinc ion binding","GO:0008270"
"761","P19957","endopeptidase inhibitor activity","GO:0004866"
"762","P19957","serine-type endopeptidase inhibitor activity","GO:0004867"
"763","P19957","structural constituent of epidermis","GO:0030280"
"764","P20023","complement binding","GO:0001848"
"765","P20023","complement receptor activity","GO:0004875"
"766","P20023","DNA binding","GO:0003677"
"767","P20023","protein homodimerization activity","GO:0042803"
"768","P20023","transmembrane signaling receptor activity","GO:0004888"
"769","P20023","virus receptor activity","GO:0001618"
"770","P20062","cobalamin binding","GO:0031419"
"771","P20062","metal ion binding","GO:0046872"
"772","P20138","carbohydrate binding","GO:0030246"
"773","P20138","protein phosphatase binding","GO:0019903"
"774","P20138","sialic acid binding","GO:0033691"
"775","P20138","signaling receptor activity","GO:0038023"
"776","P20160","heparan sulfate proteoglycan binding","GO:0043395"
"777","P20160","heparin binding","GO:0008201"
"778","P20160","peptidase activity","GO:0008233"
"779","P20160","serine-type endopeptidase activity","GO:0004252"
"780","P20160","toxic substance binding","GO:0015643"
"781","P20333","tumor necrosis factor-activated receptor activity","GO:0005031"
"782","P20333","tumor necrosis factor binding","GO:0043120"
"783","P20333","ubiquitin protein ligase binding","GO:0031625"
"784","P20718","serine-type endopeptidase activity","GO:0004252"
"785","P20783","chemoattractant activity","GO:0042056"
"786","P20783","growth factor activity","GO:0008083"
"787","P20783","neurotrophin receptor binding","GO:0005165"
"788","P20783","signaling receptor binding","GO:0005102"
"789","P21246","chondroitin sulfate binding","GO:0035374"
"790","P21246","chondroitin sulfate proteoglycan binding","GO:0035373"
"791","P21246","growth factor activity","GO:0008083"
"792","P21246","heparan sulfate binding","GO:1904399"
"793","P21246","heparin binding","GO:0008201"
"794","P21246","integrin binding","GO:0005178"
"795","P21246","protein kinase binding","GO:0019901"
"796","P21246","protein phosphatase inhibitor activity","GO:0004864"
"797","P21246","syndecan binding","GO:0045545"
"798","P21246","vascular endothelial growth factor binding","GO:0038085"
"799","P21583","cytokine activity","GO:0005125"
"800","P21583","growth factor activity","GO:0008083"
"801","P21583","stem cell factor receptor binding","GO:0005173"
"802","P21802","ATP binding","GO:0005524"
"803","P21802","fibroblast growth factor-activated receptor activity","GO:0005007"
"804","P21802","fibroblast growth factor binding","GO:0017134"
"805","P21802","heparin binding","GO:0008201"
"806","P21802","identical protein binding","GO:0042802"
"807","P21802","protein homodimerization activity","GO:0042803"
"808","P21802","protein tyrosine kinase activity","GO:0004713"
"809","P21802","transmembrane receptor protein tyrosine kinase activity","GO:0004714"
"810","P22105","collagen fibril binding","GO:0098633"
"811","P22105","extracellular matrix structural constituent","GO:0005201"
"812","P22105","heparin binding","GO:0008201"
"813","P22105","integrin binding","GO:0005178"
"814","P22301","cytokine activity","GO:0005125"
"815","P22301","growth factor activity","GO:0008083"
"816","P22301","interleukin-10 receptor binding","GO:0005141"
"817","P22301","protein dimerization activity","GO:0046983"
"818","P22748","carbonate dehydratase activity","GO:0004089"
"819","P22748","zinc ion binding","GO:0008270"
"820","P23141","carboxylic ester hydrolase activity","GO:0052689"
"821","P23141","methyl indole-3-acetate esterase activity","GO:0080030"
"822","P23141","methylumbelliferyl-acetate deacetylase activity","GO:0047374"
"823","P23141","sterol esterase activity","GO:0004771"
"824","P23141","triglyceride lipase activity","GO:0004806"
"825","P23443","ATP binding","GO:0005524"
"826","P23443","identical protein binding","GO:0042802"
"827","P23443","kinase activity","GO:0016301"
"828","P23443","PDZ domain binding","GO:0030165"
"829","P23443","peptide binding","GO:0042277"
"830","P23443","protein kinase activity","GO:0004672"
"831","P23443","protein phosphatase 2A binding","GO:0051721"
"832","P23443","protein serine/threonine/tyrosine kinase activity","GO:0004712"
"833","P23443","protein serine/threonine kinase activity","GO:0004674"
"834","P23443","ribosomal protein S6 kinase activity","GO:0004711"
"835","P23588","RNA binding","GO:0003723"
"836","P23588","RNA strand annealing activity","GO:0033592"
"837","P23588","translation initiation factor activity","GO:0003743"
"838","P24001","cytokine activity","GO:0005125"
"839","P24071","IgA binding","GO:0019862"
"840","P24071","IgA receptor activity","GO:0019766"
"841","P24158","enzyme binding","GO:0019899"
"842","P24158","serine-type endopeptidase activity","GO:0004252"
"843","P24158","serine-type peptidase activity","GO:0008236"
"844","P24158","signaling receptor binding","GO:0005102"
"845","P24592","fibronectin binding","GO:0001968"
"846","P24592","insulin-like growth factor I binding","GO:0031994"
"847","P24592","insulin-like growth factor II binding","GO:0031995"
"848","P24592","signaling receptor binding","GO:0005102"
"849","P24821","extracellular matrix structural constituent","GO:0005201"
"850","P24821","syndecan binding","GO:0045545"
"851","P25445","calmodulin binding","GO:0005516"
"852","P25445","identical protein binding","GO:0042802"
"853","P25445","kinase binding","GO:0019900"
"854","P25445","signaling receptor activity","GO:0038023"
"855","P25445","transmembrane signaling receptor activity","GO:0004888"
"856","P25942","antigen binding","GO:0003823"
"857","P25942","enzyme binding","GO:0019899"
"858","P25942","protein domain specific binding","GO:0019904"
"859","P25942","signaling receptor activity","GO:0038023"
"860","P25942","ubiquitin protein ligase binding","GO:0031625"
"861","P26842","cysteine-type endopeptidase inhibitor activity involved in apoptotic process","GO:0043027"
"862","P26842","transmembrane signaling receptor activity","GO:0004888"
"863","P26951","cytokine binding","GO:0019955"
"864","P26951","cytokine receptor activity","GO:0004896"
"865","P26951","interleukin-3 receptor activity","GO:0004912"
"866","P27487","dipeptidyl-peptidase activity","GO:0008239"
"867","P27487","identical protein binding","GO:0042802"
"868","P27487","protease binding","GO:0002020"
"869","P27487","protein homodimerization activity","GO:0042803"
"870","P27487","serine-type endopeptidase activity","GO:0004252"
"871","P27487","serine-type peptidase activity","GO:0008236"
"872","P27487","signaling receptor binding","GO:0005102"
"873","P27487","virus receptor activity","GO:0001618"
"874","P27930","interleukin-1, type II, blocking receptor activity","GO:0004910"
"875","P27930","interleukin-1 binding","GO:0019966"
"876","P27930","interleukin-1 receptor activity","GO:0004908"
"877","P28325","cysteine-type endopeptidase inhibitor activity","GO:0004869"
"878","P28799","chaperone binding","GO:0051087"
"879","P28799","cytokine activity","GO:0005125"
"880","P28799","growth factor activity","GO:0008083"
"881","P28799","RNA binding","GO:0003723"
"882","P29218","identical protein binding","GO:0042802"
"883","P29218","inositol monophosphate 1-phosphatase activity","GO:0008934"
"884","P29218","inositol monophosphate 3-phosphatase activity","GO:0052832"
"885","P29218","inositol monophosphate 4-phosphatase activity","GO:0052833"
"886","P29218","inositol monophosphate phosphatase activity","GO:0052834"
"887","P29218","lithium ion binding","GO:0031403"
"888","P29218","magnesium ion binding","GO:0000287"
"889","P29218","manganese ion binding","GO:0030145"
"890","P29218","protein homodimerization activity","GO:0042803"
"891","P29459","cytokine activity","GO:0005125"
"892","P29459","growth factor activity","GO:0008083"
"893","P29459","interleukin-12 beta subunit binding","GO:0042163"
"894","P29459","interleukin-12 receptor binding","GO:0005143"
"895","P29459","interleukin-27 binding","GO:0045513"
"896","P29459","protein heterodimerization activity","GO:0046982"
"897","P29460","cytokine activity","GO:0005125"
"898","P29460","cytokine binding","GO:0019955"
"899","P29460","cytokine receptor activity","GO:0004896"
"900","P29460","identical protein binding","GO:0042802"
"901","P29460","interleukin-12 alpha subunit binding","GO:0042164"
"902","P29460","interleukin-12 receptor binding","GO:0005143"
"903","P29460","protein heterodimerization activity","GO:0046982"
"904","P29460","protein homodimerization activity","GO:0042803"
"905","P29474","actin monomer binding","GO:0003785"
"906","P29474","arginine binding","GO:0034618"
"907","P29474","cadmium ion binding","GO:0046870"
"908","P29474","calmodulin binding","GO:0005516"
"909","P29474","flavin adenine dinucleotide binding","GO:0050660"
"910","P29474","FMN binding","GO:0010181"
"911","P29474","heme binding","GO:0020037"
"912","P29474","NADP binding","GO:0050661"
"913","P29474","NADPH-hemoprotein reductase activity","GO:0003958"
"914","P29474","nitric-oxide synthase activity","GO:0004517"
"915","P29474","oxidoreductase activity","GO:0016491"
"916","P29474","scaffold protein binding","GO:0097110"
"917","P29474","tetrahydrobiopterin binding","GO:0034617"
"918","P29965","CD40 receptor binding","GO:0005174"
"919","P29965","cytokine activity","GO:0005125"
"920","P29965","integrin binding","GO:0005178"
"921","P29965","tumor necrosis factor receptor binding","GO:0005164"
"922","P30203","identical protein binding","GO:0042802"
"923","P30203","lipopolysaccharide binding","GO:0001530"
"924","P30203","lipoteichoic acid binding","GO:0070891"
"925","P30203","scavenger receptor activity","GO:0005044"
"926","P30519","heme binding","GO:0020037"
"927","P30519","heme oxygenase (decyclizing) activity","GO:0004392"
"928","P30519","metal ion binding","GO:0046872"
"929","P30530","ATP binding","GO:0005524"
"930","P30530","myosin heavy chain binding","GO:0032036"
"931","P30530","phosphatidylinositol 3-kinase binding","GO:0043548"
"932","P30530","phosphatidylserine binding","GO:0001786"
"933","P30530","protein heterodimerization activity","GO:0046982"
"934","P30530","protein tyrosine kinase activity","GO:0004713"
"935","P30530","transmembrane receptor protein tyrosine kinase activity","GO:0004714"
"936","P30530","virus receptor activity","GO:0001618"
"937","P32456","GTPase activity","GO:0003924"
"938","P32456","GTP binding","GO:0005525"
"939","P32456","protein homodimerization activity","GO:0042803"
"940","P32926","calcium ion binding","GO:0005509"
"941","P32942","integrin binding","GO:0005178"
"942","P32942","signaling receptor binding","GO:0005102"
"943","P32970","cytokine activity","GO:0005125"
"944","P32970","protease binding","GO:0002020"
"945","P32970","signaling receptor binding","GO:0005102"
"946","P32970","tumor necrosis factor receptor binding","GO:0005164"
"947","P33151","beta-catenin binding","GO:0008013"
"948","P33151","BMP receptor binding","GO:0070700"
"949","P33151","cadherin binding","GO:0045296"
"950","P33151","calcium ion binding","GO:0005509"
"951","P33151","cytoskeletal protein binding","GO:0008092"
"952","P33151","fibrinogen binding","GO:0070051"
"953","P33151","ion channel binding","GO:0044325"
"954","P33151","protein homodimerization activity","GO:0042803"
"955","P33151","protein phosphatase binding","GO:0019903"
"956","P33151","protein tyrosine kinase binding","GO:1990782"
"957","P33151","signaling receptor binding","GO:0005102"
"958","P33151","vascular endothelial growth factor receptor 2 binding","GO:0043184"
"959","P35225","cytokine activity","GO:0005125"
"960","P35225","interleukin-13 receptor binding","GO:0005144"
"961","P35247","carbohydrate binding","GO:0030246"
"962","P35247","identical protein binding","GO:0042802"
"963","P35247","lipopolysaccharide binding","GO:0001530"
"964","P35247","monosaccharide binding","GO:0048029"
"965","P35443","calcium ion binding","GO:0005509"
"966","P35443","growth factor activity","GO:0008083"
"967","P35443","heparin binding","GO:0008201"
"968","P35443","integrin binding","GO:0005178"
"969","P35542","chemoattractant activity","GO:0042056"
"970","P35590","ATP binding","GO:0005524"
"971","P35590","transmembrane receptor protein tyrosine kinase activity","GO:0004714"
"972","P35968","ATP binding","GO:0005524"
"973","P35968","cadherin binding","GO:0045296"
"974","P35968","growth factor binding","GO:0019838"
"975","P35968","Hsp90 protein binding","GO:0051879"
"976","P35968","identical protein binding","GO:0042802"
"977","P35968","integrin binding","GO:0005178"
"978","P35968","protein tyrosine kinase activity","GO:0004713"
"979","P35968","transmembrane receptor protein tyrosine kinase activity","GO:0004714"
"980","P35968","vascular endothelial growth factor-activated receptor activity","GO:0005021"
"981","P35968","vascular endothelial growth factor binding","GO:0038085"
"982","P36222","carbohydrate binding","GO:0030246"
"983","P36222","chitin binding","GO:0008061"
"984","P36222","extracellular matrix structural constituent","GO:0005201"
"985","P36269","glutathione hydrolase activity","GO:0036374"
"986","P36269","hypoglycin A gamma-glutamyl transpeptidase activity","GO:0102953"
"987","P36269","leukotriene-C(4) hydrolase","GO:0002951"
"988","P36269","leukotriene C4 gamma-glutamyl transferase activity","GO:0103068"
"989","P36269","peptidyltransferase activity","GO:0000048"
"990","P36941","identical protein binding","GO:0042802"
"991","P36941","ubiquitin protein ligase binding","GO:0031625"
"992","P37108","7S RNA binding","GO:0008312"
"993","P37108","endoplasmic reticulum signal peptide binding","GO:0030942"
"994","P37108","RNA binding","GO:0003723"
"995","P39060","extracellular matrix structural constituent","GO:0005201"
"996","P39060","identical protein binding","GO:0042802"
"997","P39060","metal ion binding","GO:0046872"
"998","P39900","calcium ion binding","GO:0005509"
"999","P39900","collagen binding","GO:0005518"
"1000","P39900","core promoter binding","GO:0001047"
"1001","P39900","endopeptidase activity","GO:0004175"
"1002","P39900","metalloendopeptidase activity","GO:0004222"
"1003","P39900","sequence-specific DNA binding","GO:0043565"
"1004","P39900","zinc ion binding","GO:0008270"
"1005","P39905","chemoattractant activity involved in axon guidance","GO:1902379"
"1006","P39905","growth factor activity","GO:0008083"
"1007","P39905","protein homodimerization activity","GO:0042803"
"1008","P39905","signaling receptor binding","GO:0005102"
"1009","P40933","cytokine activity","GO:0005125"
"1010","P40933","cytokine receptor binding","GO:0005126"
"1011","P41208","calcium ion binding","GO:0005509"
"1012","P41208","G-protein beta/gamma-subunit complex binding","GO:0031683"
"1013","P41208","heterotrimeric G-protein binding","GO:0032795"
"1014","P41208","microtubule binding","GO:0008017"
"1015","P41227","N-acetyltransferase activity","GO:0008080"
"1016","P41227","peptide alpha-N-acetyltransferase activity","GO:0004596"
"1017","P41227","peptide-glutamate-N-acetyltransferase activity","GO:1990190"
"1018","P41227","peptide-serine-N-acetyltransferase activity","GO:1990189"
"1019","P42574","aspartic-type endopeptidase activity","GO:0004190"
"1020","P42574","cyclin-dependent protein serine/threonine kinase inhibitor activity","GO:0004861"
"1021","P42574","cysteine-type endopeptidase activity","GO:0004197"
"1022","P42574","cysteine-type endopeptidase activity involved in apoptotic process","GO:0097153"
"1023","P42574","cysteine-type endopeptidase activity involved in apoptotic signaling pathway","GO:0097199"
"1024","P42574","cysteine-type endopeptidase activity involved in execution phase of apoptosis","GO:0097200"
"1025","P42574","death receptor binding","GO:0005123"
"1026","P42574","peptidase activity","GO:0008233"
"1027","P42574","phospholipase A2 activator activity","GO:0016005"
"1028","P42574","protease binding","GO:0002020"
"1029","P42574","protein-containing complex binding","GO:0044877"
"1030","P42701","cytokine binding","GO:0019955"
"1031","P42701","cytokine receptor activity","GO:0004896"
"1032","P42702","ciliary neurotrophic factor receptor binding","GO:0005127"
"1033","P42702","cytokine binding","GO:0019955"
"1034","P42702","cytokine receptor activity","GO:0004896"
"1035","P42702","growth factor binding","GO:0019838"
"1036","P42702","leukemia inhibitory factor receptor activity","GO:0004923"
"1037","P42785","dipeptidyl-peptidase activity","GO:0008239"
"1038","P42785","serine-type carboxypeptidase activity","GO:0004185"
"1039","P42830","chemokine activity","GO:0008009"
"1040","P42830","identical protein binding","GO:0042802"
"1041","P42892","endopeptidase activity","GO:0004175"
"1042","P42892","metalloendopeptidase activity","GO:0004222"
"1043","P42892","peptide hormone binding","GO:0017046"
"1044","P42892","protein homodimerization activity","GO:0042803"
"1045","P42892","zinc ion binding","GO:0008270"
"1046","P43489","tumor necrosis factor-activated receptor activity","GO:0005031"
"1047","P43489","virus receptor activity","GO:0001618"
"1048","P43628","antigen binding","GO:0003823"
"1049","P43628","signaling receptor activity","GO:0038023"
"1050","P46531","calcium ion binding","GO:0005509"
"1051","P46531","chromatin DNA binding","GO:0031490"
"1052","P46531","DNA-binding transcription activator activity, RNA polymerase II-specific","GO:0001228"
"1053","P46531","enzyme binding","GO:0019899"
"1054","P46531","enzyme inhibitor activity","GO:0004857"
"1055","P46531","Notch binding","GO:0005112"
"1056","P46531","RNA polymerase II proximal promoter sequence-specific DNA binding","GO:0000978"
"1057","P46531","transmembrane signaling receptor activity","GO:0004888"
"1058","P48023","cytokine activity","GO:0005125"
"1059","P48023","death receptor binding","GO:0005123"
"1060","P48023","signaling receptor binding","GO:0005102"
"1061","P48023","tumor necrosis factor receptor binding","GO:0005164"
"1062","P48061","chemokine activity","GO:0008009"
"1063","P48061","chemokine receptor binding","GO:0042379"
"1064","P48061","CXCR chemokine receptor binding","GO:0045236"
"1065","P48061","growth factor activity","GO:0008083"
"1066","P48061","integrin binding","GO:0005178"
"1067","P48061","signaling receptor binding","GO:0005102"
"1068","P48357","cytokine binding","GO:0019955"
"1069","P48357","cytokine receptor activity","GO:0004896"
"1070","P48357","identical protein binding","GO:0042802"
"1071","P48357","leptin receptor activity","GO:0038021"
"1072","P48357","peptide hormone binding","GO:0017046"
"1073","P48357","transmembrane signaling receptor activity","GO:0004888"
"1074","P49747","BMP binding","GO:0036122"
"1075","P49747","calcium ion binding","GO:0005509"
"1076","P49747","collagen binding","GO:0005518"
"1077","P49747","extracellular matrix structural constituent","GO:0005201"
"1078","P49747","heparan sulfate proteoglycan binding","GO:0043395"
"1079","P49747","heparin binding","GO:0008201"
"1080","P49747","integrin binding","GO:0005178"
"1081","P49747","protease binding","GO:0002020"
"1082","P49747","proteoglycan binding","GO:0043394"
"1083","P49763","chemoattractant activity","GO:0042056"
"1084","P49763","growth factor activity","GO:0008083"
"1085","P49763","heparin binding","GO:0008201"
"1086","P49763","protein heterodimerization activity","GO:0046982"
"1087","P49763","protein homodimerization activity","GO:0042803"
"1088","P49763","vascular endothelial growth factor receptor binding","GO:0005172"
"1089","P49767","chemoattractant activity","GO:0042056"
"1090","P49767","growth factor activity","GO:0008083"
"1091","P49767","vascular endothelial growth factor receptor 3 binding","GO:0043185"
"1092","P49767","vascular endothelial growth factor receptor binding","GO:0005172"
"1093","P49771","cytokine activity","GO:0005125"
"1094","P49771","receptor tyrosine kinase binding","GO:0030971"
"1095","P49771","signaling receptor binding","GO:0005102"
"1096","P49789","bis(5'-adenosyl)-triphosphatase activity","GO:0047710"
"1097","P49789","catalytic activity","GO:0003824"
"1098","P49789","hydrolase activity","GO:0016787"
"1099","P49789","identical protein binding","GO:0042802"
"1100","P49789","nucleotide binding","GO:0000166"
"1101","P49789","ubiquitin protein ligase binding","GO:0031625"
"1102","P50225","aryl sulfotransferase activity","GO:0004062"
"1103","P50225","flavonol 3-sulfotransferase activity","GO:0047894"
"1104","P50225","steroid sulfotransferase activity","GO:0050294"
"1105","P50225","sulfotransferase activity","GO:0008146"
"1106","P50591","cytokine activity","GO:0005125"
"1107","P50591","identical protein binding","GO:0042802"
"1108","P50591","signaling receptor binding","GO:0005102"
"1109","P50591","TRAIL binding","GO:0045569"
"1110","P50591","tumor necrosis factor receptor binding","GO:0005164"
"1111","P50591","zinc ion binding","GO:0008270"
"1112","P51452","cytoskeletal protein binding","GO:0008092"
"1113","P51452","MAP kinase phosphatase activity","GO:0033549"
"1114","P51452","phosphatase activity","GO:0016791"
"1115","P51452","protein kinase binding","GO:0019901"
"1116","P51452","protein tyrosine/serine/threonine phosphatase activity","GO:0008138"
"1117","P51452","protein tyrosine kinase binding","GO:1990782"
"1118","P51452","protein tyrosine phosphatase activity","GO:0004725"
"1119","P51452","receptor tyrosine kinase binding","GO:0030971"
"1120","P51671","CCR3 chemokine receptor binding","GO:0031728"
"1121","P51671","CCR chemokine receptor binding","GO:0048020"
"1122","P51671","chemokine activity","GO:0008009"
"1123","P51671","protein dimerization activity","GO:0046983"
"1124","P51671","receptor ligand activity","GO:0048018"
"1125","P52943","zinc ion binding","GO:0008270"
"1126","P54760","ATP binding","GO:0005524"
"1127","P54760","ephrin receptor activity","GO:0005003"
"1128","P54760","transmembrane receptor protein tyrosine kinase activity","GO:0004714"
"1129","P55058","ceramide binding","GO:0097001"
"1130","P55058","ceramide transfer activity","GO:0120017"
"1131","P55058","diacylglycerol binding","GO:0019992"
"1132","P55058","lipid transporter activity","GO:0005319"
"1133","P55058","phosphatidic acid binding","GO:0070300"
"1134","P55058","phosphatidic acid transfer activity","GO:1990050"
"1135","P55058","phosphatidylcholine binding","GO:0031210"
"1136","P55058","phosphatidylcholine transporter activity","GO:0008525"
"1137","P55058","phosphatidylethanolamine binding","GO:0008429"
"1138","P55058","phosphatidylethanolamine transfer activity","GO:1904121"
"1139","P55058","phosphatidylglycerol binding","GO:1901611"
"1140","P55058","phospholipid transporter activity","GO:0005548"
"1141","P55291","cadherin binding","GO:0045296"
"1142","P55291","calcium ion binding","GO:0005509"
"1143","P55291","cytoskeletal protein binding","GO:0008092"
"1144","P55291","protein homodimerization activity","GO:0042803"
"1145","P55773","CCR1 chemokine receptor binding","GO:0031726"
"1146","P55773","CCR chemokine receptor binding","GO:0048020"
"1147","P55773","chemokine activity","GO:0008009"
"1148","P55773","heparin binding","GO:0008201"
"1149","P55774","CCR chemokine receptor binding","GO:0048020"
"1150","P55774","chemokine activity","GO:0008009"
"1151","P56470","carbohydrate binding","GO:0030246"
"1152","P56470","galactoside binding","GO:0016936"
"1153","P58417","signaling receptor binding","GO:0005102"
"1154","P60568","carbohydrate binding","GO:0030246"
"1155","P60568","cytokine activity","GO:0005125"
"1156","P60568","glycosphingolipid binding","GO:0043208"
"1157","P60568","growth factor activity","GO:0008083"
"1158","P60568","interleukin-2 receptor binding","GO:0005134"
"1159","P60568","kappa-type opioid receptor binding","GO:0031851"
"1160","P60568","kinase activator activity","GO:0019209"
"1161","P63098","calcium-dependent protein serine/threonine phosphatase activity","GO:0004723"
"1162","P63098","calcium ion binding","GO:0005509"
"1163","P63098","calmodulin binding","GO:0005516"
"1164","P63098","cyclosporin A binding","GO:0016018"
"1165","P63098","phosphatase binding","GO:0019902"
"1166","P63098","protein domain specific binding","GO:0019904"
"1167","P78324","cell-cell adhesion mediator activity","GO:0098632"
"1168","P78324","GTPase regulator activity","GO:0030695"
"1169","P78324","protein antigen binding","GO:1990405"
"1170","P78324","protein binding involved in heterotypic cell-cell adhesion","GO:0086080"
"1171","P78324","protein phosphatase binding","GO:0019903"
"1172","P78324","protein tyrosine kinase binding","GO:1990782"
"1173","P78324","SH3 domain binding","GO:0017124"
"1174","P78423","CCR chemokine receptor binding","GO:0048020"
"1175","P78423","chemoattractant activity","GO:0042056"
"1176","P78423","chemokine activity","GO:0008009"
"1177","P78423","CX3C chemokine receptor binding","GO:0031737"
"1178","P78423","CXCR1 chemokine receptor binding","GO:0045237"
"1179","P78423","integrin binding","GO:0005178"
"1180","P78423","signaling receptor binding","GO:0005102"
"1181","P78556","CCR6 chemokine receptor binding","GO:0031731"
"1182","P78556","CCR chemokine receptor binding","GO:0048020"
"1183","P78556","chemokine activity","GO:0008009"
"1184","P78560","death domain binding","GO:0070513"
"1185","P78560","protease binding","GO:0002020"
"1186","P78560","protein binding, bridging","GO:0030674"
"1187","P80075","CCR chemokine receptor binding","GO:0048020"
"1188","P80075","chemokine activity","GO:0008009"
"1189","P80075","heparin binding","GO:0008201"
"1190","P80075","phospholipase activator activity","GO:0016004"
"1191","P80075","protein kinase activity","GO:0004672"
"1192","P80098","CCR1 chemokine receptor binding","GO:0031726"
"1193","P80098","CCR2 chemokine receptor binding","GO:0031727"
"1194","P80098","CCR chemokine receptor binding","GO:0048020"
"1195","P80098","chemokine activity","GO:0008009"
"1196","P80098","heparin binding","GO:0008201"
"1197","P80162","chemokine activity","GO:0008009"
"1198","P80162","heparin binding","GO:0008201"
"1199","P80188","enterobactin binding","GO:1903981"
"1200","P80188","iron ion binding","GO:0005506"
"1201","P80188","protease binding","GO:0002020"
"1202","P80188","protein homodimerization activity","GO:0042803"
"1203","P80188","small molecule binding","GO:0036094"
"1204","P80370","calcium ion binding","GO:0005509"
"1205","P80511","calcium ion binding","GO:0005509"
"1206","P80511","copper ion binding","GO:0005507"
"1207","P80511","RAGE receptor binding","GO:0050786"
"1208","P80511","zinc ion binding","GO:0008270"
"1209","P98160","amyloid-beta binding","GO:0001540"
"1210","P98160","calcium ion binding","GO:0005509"
"1211","P98160","extracellular matrix structural constituent conferring compression resistance","GO:0030021"
"1212","P98160","integrin binding","GO:0005178"
"1213","P98160","low-density lipoprotein particle receptor binding","GO:0050750"
"1214","P98160","protein C-terminus binding","GO:0008022"
"1215","Q01638","cytokine receptor activity","GO:0004896"
"1216","Q01638","interleukin-1 receptor activity","GO:0004908"
"1217","Q01638","interleukin-33 binding","GO:0002113"
"1218","Q01638","interleukin-33 receptor activity","GO:0002114"
"1219","Q02763","ATP binding","GO:0005524"
"1220","Q02763","growth factor binding","GO:0019838"
"1221","Q02763","protein kinase activity","GO:0004672"
"1222","Q02763","protein tyrosine kinase activity","GO:0004713"
"1223","Q02763","signaling receptor activity","GO:0038023"
"1224","Q02763","transmembrane receptor protein tyrosine kinase activity","GO:0004714"
"1225","Q03167","activin binding","GO:0048185"
"1226","Q03167","coreceptor activity","GO:0015026"
"1227","Q03167","fibroblast growth factor binding","GO:0017134"
"1228","Q03167","glycosaminoglycan binding","GO:0005539"
"1229","Q03167","heparin binding","GO:0008201"
"1230","Q03167","PDZ domain binding","GO:0030165"
"1231","Q03167","SMAD binding","GO:0046332"
"1232","Q03167","transforming growth factor beta-activated receptor activity","GO:0005024"
"1233","Q03167","transforming growth factor beta binding","GO:0050431"
"1234","Q03167","transforming growth factor beta receptor activity, type III","GO:0070123"
"1235","Q03167","transforming growth factor beta receptor binding","GO:0005160"
"1236","Q03167","type II transforming growth factor beta receptor binding","GO:0005114"
"1237","Q03393","6-pyruvoyltetrahydropterin synthase activity","GO:0003874"
"1238","Q03393","identical protein binding","GO:0042802"
"1239","Q03393","metal ion binding","GO:0046872"
"1240","Q03393","protein homodimerization activity","GO:0042803"
"1241","Q03405","enzyme binding","GO:0019899"
"1242","Q03405","protein domain specific binding","GO:0019904"
"1243","Q03405","signaling receptor activity","GO:0038023"
"1244","Q03405","signaling receptor binding","GO:0005102"
"1245","Q03405","urokinase plasminogen activator receptor activity","GO:0030377"
"1246","Q06141","carbohydrate binding","GO:0030246"
"1247","Q06141","identical protein binding","GO:0042802"
"1248","Q06141","oligosaccharide binding","GO:0070492"
"1249","Q06141","peptidoglycan binding","GO:0042834"
"1250","Q06141","transmembrane signaling receptor activity","GO:0004888"
"1251","Q06323","endopeptidase activator activity","GO:0061133"
"1252","Q07011","signaling receptor activity","GO:0038023"
"1253","Q07325","chemokine activity","GO:0008009"
"1254","Q07325","CXCR3 chemokine receptor binding","GO:0048248"
"1255","Q07325","cytokine activity","GO:0005125"
"1256","Q08334","cytokine receptor activity","GO:0004896"
"1257","Q08334","interleukin-10 receptor activity","GO:0004920"
"1258","Q08334","signaling receptor activity","GO:0038023"
"1259","Q10589","identical protein binding","GO:0042802"
"1260","Q10589","metalloendopeptidase inhibitor activity","GO:0008191"
"1261","Q10589","protein homodimerization activity","GO:0042803"
"1262","Q10589","RNA binding","GO:0003723"
"1263","Q12805","calcium ion binding","GO:0005509"
"1264","Q12805","epidermal growth factor-activated receptor activity","GO:0005006"
"1265","Q12805","epidermal growth factor receptor binding","GO:0005154"
"1266","Q12805","growth factor activity","GO:0008083"
"1267","Q12860","carbohydrate binding","GO:0030246"
"1268","Q12864","cadherin binding","GO:0045296"
"1269","Q12864","calcium ion binding","GO:0005509"
"1270","Q12864","cytoskeletal protein binding","GO:0008092"
"1271","Q12864","integrin binding","GO:0005178"
"1272","Q12864","protein homodimerization activity","GO:0042803"
"1273","Q12864","proton-dependent oligopeptide secondary active transmembrane transporter activity","GO:0005427"
"1274","Q12864","transporter activity","GO:0005215"
"1275","Q12884","dipeptidyl-peptidase activity","GO:0008239"
"1276","Q12884","endopeptidase activity","GO:0004175"
"1277","Q12884","integrin binding","GO:0005178"
"1278","Q12884","metalloendopeptidase activity","GO:0004222"
"1279","Q12884","peptidase activity","GO:0008233"
"1280","Q12884","protease binding","GO:0002020"
"1281","Q12884","protein dimerization activity","GO:0046983"
"1282","Q12884","protein homodimerization activity","GO:0042803"
"1283","Q12884","serine-type endopeptidase activity","GO:0004252"
"1284","Q12884","serine-type peptidase activity","GO:0008236"
"1285","Q13007","cytokine activity","GO:0005125"
"1286","Q13093","1-alkyl-2-acetylglycerophosphocholine esterase activity","GO:0003847"
"1287","Q13093","calcium-independent phospholipase A2 activity","GO:0047499"
"1288","Q13093","hydrolase activity, acting on ester bonds","GO:0016788"
"1289","Q13093","phospholipid binding","GO:0005543"
"1290","Q13231","chitinase activity","GO:0004568"
"1291","Q13231","chitin binding","GO:0008061"
"1292","Q13231","endochitinase activity","GO:0008843"
"1293","Q13231","hydrolase activity, hydrolyzing O-glycosyl compounds","GO:0004553"
"1294","Q13241","carbohydrate binding","GO:0030246"
"1295","Q13241","MHC class Ib protein binding, via antigen binding groove","GO:0023030"
"1296","Q13241","MHC class I protein complex binding","GO:0023024"
"1297","Q13241","protein antigen binding","GO:1990405"
"1298","Q13241","transmembrane signaling receptor activity","GO:0004888"
"1299","Q13261","cytokine receptor activity","GO:0004896"
"1300","Q13261","interleukin-15 receptor activity","GO:0042010"
"1301","Q13261","protein kinase binding","GO:0019901"
"1302","Q13291","antigen binding","GO:0003823"
"1303","Q13291","identical protein binding","GO:0042802"
"1304","Q13291","transmembrane signaling receptor activity","GO:0004888"
"1305","Q13291","virus receptor activity","GO:0001618"
"1306","Q13332","chondroitin sulfate binding","GO:0035374"
"1307","Q13332","heparan sulfate proteoglycan binding","GO:0043395"
"1308","Q13332","heparin binding","GO:0008201"
"1309","Q13332","phosphoprotein phosphatase activity","GO:0004721"
"1310","Q13332","protein tyrosine phosphatase activity","GO:0004725"
"1311","Q13361","extracellular matrix structural constituent","GO:0005201"
"1312","Q13444","integrin binding","GO:0005178"
"1313","Q13444","metal ion binding","GO:0046872"
"1314","Q13444","metalloendopeptidase activity","GO:0004222"
"1315","Q13444","metallopeptidase activity","GO:0008237"
"1316","Q13444","SH3 domain binding","GO:0017124"
"1317","Q13451","FK506 binding","GO:0005528"
"1318","Q13451","heat shock protein binding","GO:0031072"
"1319","Q13451","peptidyl-prolyl cis-trans isomerase activity","GO:0003755"
"1320","Q13478","interleukin-18 binding","GO:0042007"
"1321","Q13478","interleukin-18 receptor activity","GO:0042008"
"1322","Q13478","interleukin-1 receptor activity","GO:0004908"
"1323","Q13478","signaling receptor activity","GO:0038023"
"1324","Q13541","eukaryotic initiation factor 4E binding","GO:0008190"
"1325","Q13541","protein phosphatase 2A binding","GO:0051721"
"1326","Q13541","translation repressor activity","GO:0030371"
"1327","Q13651","cytokine receptor activity","GO:0004896"
"1328","Q13651","interleukin-10 binding","GO:0019969"
"1329","Q13651","interleukin-10 receptor activity","GO:0004920"
"1330","Q13651","signaling receptor activity","GO:0038023"
"1331","Q13740","identical protein binding","GO:0042802"
"1332","Q13740","signaling receptor binding","GO:0005102"
"1333","Q13867","aminopeptidase activity","GO:0004177"
"1334","Q13867","carboxypeptidase activity","GO:0004180"
"1335","Q13867","cysteine-type endopeptidase activity","GO:0004197"
"1336","Q13867","cysteine-type peptidase activity","GO:0008234"
"1337","Q13867","identical protein binding","GO:0042802"
"1338","Q14116","cytokine activity","GO:0005125"
"1339","Q14116","interleukin-18 receptor binding","GO:0045515"
"1340","Q14213","cytokine activity","GO:0005125"
"1341","Q14213","cytokine binding","GO:0019955"
"1342","Q14213","cytokine receptor activity","GO:0004896"
"1343","Q14213","interleukin-27 receptor binding","GO:0045523"
"1344","Q14393","calcium ion binding","GO:0005509"
"1345","Q14393","cysteine-type endopeptidase inhibitor activity involved in apoptotic process","GO:0043027"
"1346","Q14393","phosphatidylserine binding","GO:0001786"
"1347","Q14393","protein binding, bridging","GO:0030674"
"1348","Q14393","protein tyrosine kinase activator activity","GO:0030296"
"1349","Q14393","receptor ligand activity","GO:0048018"
"1350","Q14393","receptor tyrosine kinase binding","GO:0030971"
"1351","Q14393","signaling receptor binding","GO:0005102"
"1352","Q14393","voltage-gated calcium channel activity","GO:0005245"
"1353","Q14515","calcium ion binding","GO:0005509"
"1354","Q14515","collagen binding","GO:0005518"
"1355","Q14515","extracellular matrix binding","GO:0050840"
"1356","Q14767","calcium ion binding","GO:0005509"
"1357","Q14767","growth factor binding","GO:0019838"
"1358","Q14767","heparin binding","GO:0008201"
"1359","Q14767","microfibril binding","GO:0050436"
"1360","Q14790","cysteine-type endopeptidase activity","GO:0004197"
"1361","Q14790","cysteine-type endopeptidase activity involved in apoptotic process","GO:0097153"
"1362","Q14790","cysteine-type endopeptidase activity involved in apoptotic signaling pathway","GO:0097199"
"1363","Q14790","cysteine-type peptidase activity","GO:0008234"
"1364","Q14790","death effector domain binding","GO:0035877"
"1365","Q14790","death receptor binding","GO:0005123"
"1366","Q14790","identical protein binding","GO:0042802"
"1367","Q14790","peptidase activity","GO:0008233"
"1368","Q14790","protein-containing complex binding","GO:0044877"
"1369","Q14790","scaffold protein binding","GO:0097110"
"1370","Q14790","tumor necrosis factor receptor binding","GO:0005164"
"1371","Q14790","ubiquitin protein ligase binding","GO:0031625"
"1372","Q14956","chemoattractant activity","GO:0042056"
"1373","Q14956","heparin binding","GO:0008201"
"1374","Q14956","integrin binding","GO:0005178"
"1375","Q14956","receptor ligand activity","GO:0048018"
"1376","Q14956","syndecan binding","GO:0045545"
"1377","Q15113","collagen binding","GO:0005518"
"1378","Q15113","heparin binding","GO:0008201"
"1379","Q15113","peptidase activator activity","GO:0016504"
"1380","Q15126","ATP binding","GO:0005524"
"1381","Q15126","phosphomevalonate kinase activity","GO:0004631"
"1382","Q15166","3,4-dihydrocoumarin hydrolase activity","GO:0018733"
"1383","Q15166","acyl-L-homoserine-lactone lactonohydrolase activity","GO:0102007"
"1384","Q15166","aryldialkylphosphatase activity","GO:0004063"
"1385","Q15166","arylesterase activity","GO:0004064"
"1386","Q15166","metal ion binding","GO:0046872"
"1387","Q15166","protein homodimerization activity","GO:0042803"
"1388","Q15389","receptor tyrosine kinase binding","GO:0030971"
"1389","Q15485","antigen binding","GO:0003823"
"1390","Q15485","calcium-dependent protein binding","GO:0048306"
"1391","Q15485","mannan binding","GO:2001065"
"1392","Q15485","metal ion binding","GO:0046872"
"1393","Q15485","proteoglycan binding","GO:0043394"
"1394","Q15582","cell adhesion molecule binding","GO:0050839"
"1395","Q15582","collagen binding","GO:0005518"
"1396","Q15582","extracellular matrix binding","GO:0050840"
"1397","Q15582","extracellular matrix structural constituent","GO:0005201"
"1398","Q15582","integrin binding","GO:0005178"
"1399","Q16270","insulin-like growth factor binding","GO:0005520"
"1400","Q16552","cytokine activity","GO:0005125"
"1401","Q16619","cytokine activity","GO:0005125"
"1402","Q16619","leukemia inhibitory factor receptor binding","GO:0005146"
"1403","Q16627","CCR chemokine receptor binding","GO:0048020"
"1404","Q16627","chemokine activity","GO:0008009"
"1405","Q16663","CCR chemokine receptor binding","GO:0048020"
"1406","Q16663","chemoattractant activity","GO:0042056"
"1407","Q16663","chemokine activity","GO:0008009"
"1408","Q16663","heparin binding","GO:0008201"
"1409","Q16663","signaling receptor binding","GO:0005102"
"1410","Q16769","glutaminyl-peptide cyclotransferase activity","GO:0016603"
"1411","Q16769","zinc ion binding","GO:0008270"
"1412","Q16790","carbonate dehydratase activity","GO:0004089"
"1413","Q16790","zinc ion binding","GO:0008270"
"1414","Q16853","aliphatic-amine oxidase activity","GO:0052595"
"1415","Q16853","aminoacetone:oxygen oxidoreductase(deaminating) activity","GO:0052594"
"1416","Q16853","calcium ion binding","GO:0005509"
"1417","Q16853","copper ion binding","GO:0005507"
"1418","Q16853","phenethylamine:oxygen oxidoreductase (deaminating) activity","GO:0052596"
"1419","Q16853","primary amine oxidase activity","GO:0008131"
"1420","Q16853","protein heterodimerization activity","GO:0046982"
"1421","Q16853","protein homodimerization activity","GO:0042803"
"1422","Q16853","quinone binding","GO:0048038"
"1423","Q16853","tryptamine:oxygen oxidoreductase (deaminating) activity","GO:0052593"
"1424","Q16864","ATPase activity","GO:0016887"
"1425","Q16864","ATPase-coupled ion transmembrane transporter activity","GO:0042625"
"1426","Q16864","proton transmembrane transporter activity","GO:0015078"
"1427","Q16864","proton-transporting ATPase activity, rotational mechanism","GO:0046961"
"1428","Q29980","natural killer cell lectin-like receptor binding","GO:0046703"
"1429","Q29983","natural killer cell lectin-like receptor binding","GO:0046703"
"1430","Q5JZY3","ATP binding","GO:0005524"
"1431","Q5JZY3","transmembrane-ephrin receptor activity","GO:0005005"
"1432","Q5JZY3","transmembrane receptor protein tyrosine kinase activity","GO:0004714"
"1433","Q5T2D2","signaling receptor activity","GO:0038023"
"1434","Q5T4W7","growth factor activity","GO:0008083"
"1435","Q5T4W7","signaling receptor binding","GO:0005102"
"1436","Q6EMK4","cadherin binding","GO:0045296"
"1437","Q6EMK4","transforming growth factor beta binding","GO:0050431"
"1438","Q6UWL6","identical protein binding","GO:0042802"
"1439","Q6UX27","cytokine activity","GO:0005125"
"1440","Q86VB7","scavenger receptor activity","GO:0005044"
"1441","Q86Z14","fibroblast growth factor binding","GO:0017134"
"1442","Q86Z14","fibroblast growth factor receptor binding","GO:0005104"
"1443","Q86Z14","hydrolase activity, hydrolyzing O-glycosyl compounds","GO:0004553"
"1444","Q8IU54","cytokine activity","GO:0005125"
"1445","Q8IU54","interleukin-28 receptor binding","GO:0032003"
"1446","Q8IU54","signaling receptor binding","GO:0005102"
"1447","Q8IX05","carbohydrate binding","GO:0030246"
"1448","Q8IX05","transmembrane signaling receptor activity","GO:0004888"
"1449","Q8IXJ6","chromatin binding","GO:0003682"
"1450","Q8IXJ6","histone acetyltransferase binding","GO:0035035"
"1451","Q8IXJ6","histone deacetylase activity","GO:0004407"
"1452","Q8IXJ6","histone deacetylase binding","GO:0042826"
"1453","Q8IXJ6","NAD+ ADP-ribosyltransferase activity","GO:0003950"
"1454","Q8IXJ6","NAD+ binding","GO:0070403"
"1455","Q8IXJ6","NAD-dependent histone deacetylase activity","GO:0017136"
"1456","Q8IXJ6","NAD-dependent histone deacetylase activity (H4-K16 specific)","GO:0046970"
"1457","Q8IXJ6","NAD-dependent protein deacetylase activity","GO:0034979"
"1458","Q8IXJ6","protein deacetylase activity","GO:0033558"
"1459","Q8IXJ6","transcription factor binding","GO:0008134"
"1460","Q8IXJ6","tubulin deacetylase activity","GO:0042903"
"1461","Q8IXJ6","ubiquitin binding","GO:0043130"
"1462","Q8IXJ6","zinc ion binding","GO:0008270"
"1463","Q8N423","amyloid-beta binding","GO:0001540"
"1464","Q8N423","cell adhesion molecule binding","GO:0050839"
"1465","Q8N423","inhibitory MHC class I receptor activity","GO:0032396"
"1466","Q8N423","MHC class Ib protein binding","GO:0023029"
"1467","Q8N423","MHC class Ib protein complex binding","GO:0023025"
"1468","Q8N423","MHC class I protein binding","GO:0042288"
"1469","Q8N423","protein-containing complex binding","GO:0044877"
"1470","Q8N423","protein homodimerization activity","GO:0042803"
"1471","Q8N423","protein phosphatase 1 binding","GO:0008157"
"1472","Q8N474","cysteine-type endopeptidase activity","GO:0004197"
"1473","Q8N474","drug binding","GO:0008144"
"1474","Q8N474","frizzled binding","GO:0005109"
"1475","Q8N474","heparin binding","GO:0008201"
"1476","Q8N474","identical protein binding","GO:0042802"
"1477","Q8N474","Wnt-protein binding","GO:0017147"
"1478","Q8N6P7","cytokine receptor activity","GO:0004896"
"1479","Q8N6P7","interferon receptor activity","GO:0004904"
"1480","Q8N6P7","interleukin-20 binding","GO:0042015"
"1481","Q8NBP7","apolipoprotein binding","GO:0034185"
"1482","Q8NBP7","apolipoprotein receptor binding","GO:0034190"
"1483","Q8NBP7","low-density lipoprotein particle binding","GO:0030169"
"1484","Q8NBP7","low-density lipoprotein particle receptor binding","GO:0050750"
"1485","Q8NBP7","protein self-association","GO:0043621"
"1486","Q8NBP7","receptor inhibitor activity","GO:0030547"
"1487","Q8NBP7","RNA binding","GO:0003723"
"1488","Q8NBP7","serine-type endopeptidase activity","GO:0004252"
"1489","Q8NBP7","sodium channel inhibitor activity","GO:0019871"
"1490","Q8NBP7","very-low-density lipoprotein particle binding","GO:0034189"
"1491","Q8NBP7","very-low-density lipoprotein particle receptor binding","GO:0070326"
"1492","Q8NFT8","calcium ion binding","GO:0005509"
"1493","Q8NFT8","clathrin binding","GO:0030276"
"1494","Q8NFT8","Notch binding","GO:0005112"
"1495","Q8NFT8","transmembrane signaling receptor activity","GO:0004888"
"1496","Q8NHL6","HLA-A specific inhibitory MHC class I receptor activity","GO:0030107"
"1497","Q8NHL6","HLA-B specific inhibitory MHC class I receptor activity","GO:0030109"
"1498","Q8NHL6","MHC class Ib protein binding","GO:0023029"
"1499","Q8NHL6","MHC class Ib protein complex binding","GO:0023025"
"1500","Q8NHL6","MHC class Ib receptor activity","GO:0032394"
"1501","Q8NHL6","MHC class I protein binding","GO:0042288"
"1502","Q8NHL6","MHC class I receptor activity","GO:0032393"
"1503","Q8NHL6","protein homodimerization activity","GO:0042803"
"1504","Q8NHL6","protein phosphatase 1 binding","GO:0008157"
"1505","Q8NHL6","SH2 domain binding","GO:0042169"
"1506","Q8TCT1","metal ion binding","GO:0046872"
"1507","Q8TCT1","phosphocholine phosphatase activity","GO:0052731"
"1508","Q8TCT1","phosphoethanolamine phosphatase activity","GO:0052732"
"1509","Q8TCT1","pyrophosphatase activity","GO:0016462"
"1510","Q92583","CCR4 chemokine receptor binding","GO:0031729"
"1511","Q92583","CCR chemokine receptor binding","GO:0048020"
"1512","Q92583","chemokine activity","GO:0008009"
"1513","Q92583","signaling receptor binding","GO:0005102"
"1514","Q92597","cadherin binding","GO:0045296"
"1515","Q92597","gamma-tubulin binding","GO:0043015"
"1516","Q92597","microtubule binding","GO:0008017"
"1517","Q92597","Rab GTPase binding","GO:0017137"
"1518","Q92876","serine-type endopeptidase activity","GO:0004252"
"1519","Q92956","cytokine binding","GO:0019955"
"1520","Q92956","tumor necrosis factor-activated receptor activity","GO:0005031"
"1521","Q92956","ubiquitin protein ligase binding","GO:0031625"
"1522","Q92956","virus receptor activity","GO:0001618"
"1523","Q969D9","cytokine activity","GO:0005125"
"1524","Q969D9","interleukin-7 receptor binding","GO:0005139"
"1525","Q969M7","ATP binding","GO:0005524"
"1526","Q969M7","NEDD8 conjugating enzyme activity","GO:0061654"
"1527","Q969M7","NEDD8 transferase activity","GO:0019788"
"1528","Q96EK5","kinesin binding","GO:0019894"
"1529","Q96EP0","metal ion binding","GO:0046872"
"1530","Q96EP0","ubiquitin binding","GO:0043130"
"1531","Q96EP0","ubiquitin protein ligase binding","GO:0031625"
"1532","Q96EP0","ubiquitin-protein transferase activity","GO:0004842"
"1533","Q96F46","interleukin-17 receptor activity","GO:0030368"
"1534","Q96F46","signaling receptor binding","GO:0005102"
"1535","Q96IU4","hydrolase activity","GO:0016787"
"1536","Q96KN2","carboxypeptidase activity","GO:0004180"
"1537","Q96KN2","dipeptidase activity","GO:0016805"
"1538","Q96KN2","metal ion binding","GO:0046872"
"1539","Q96KN2","metallopeptidase activity","GO:0008237"
"1540","Q99616","CCR chemokine receptor binding","GO:0048020"
"1541","Q99616","chemokine activity","GO:0008009"
"1542","Q99616","signaling receptor binding","GO:0005102"
"1543","Q99650","cytokine binding","GO:0019955"
"1544","Q99650","cytokine receptor activity","GO:0004896"
"1545","Q99650","growth factor binding","GO:0019838"
"1546","Q99727","metal ion binding","GO:0046872"
"1547","Q99727","metalloendopeptidase inhibitor activity","GO:0008191"
"1548","Q99727","protease binding","GO:0002020"
"1549","Q99731","CCR10 chemokine receptor binding","GO:0031735"
"1550","Q99731","CCR7 chemokine receptor binding","GO:0031732"
"1551","Q99731","CCR chemokine receptor binding","GO:0048020"
"1552","Q99731","chemokine activity","GO:0008009"
"1553","Q99731","chemokine receptor binding","GO:0042379"
"1554","Q99748","growth factor activity","GO:0008083"
"1555","Q99748","signaling receptor binding","GO:0005102"
"1556","Q99969","signaling receptor binding","GO:0005102"
"1557","Q99988","cytokine activity","GO:0005125"
"1558","Q99988","growth factor activity","GO:0008083"
"1559","Q99988","protein homodimerization activity","GO:0042803"
"1560","Q99988","transforming growth factor beta receptor binding","GO:0005160"
"1561","Q9BTE6","alanine-tRNA ligase activity","GO:0004813"
"1562","Q9BTE6","ATP binding","GO:0005524"
"1563","Q9BTE6","metal ion binding","GO:0046872"
"1564","Q9BTE6","nucleic acid binding","GO:0003676"
"1565","Q9BTE6","Ser-tRNA(Ala) hydrolase activity","GO:0002196"
"1566","Q9BW30","tubulin binding","GO:0015631"
"1567","Q9BXJ1","collagen binding","GO:0005518"
"1568","Q9BXJ1","identical protein binding","GO:0042802"
"1569","Q9BXR6","protein heterodimerization activity","GO:0046982"
"1570","Q9BXR6","protein homodimerization activity","GO:0042803"
"1571","Q9BYC5","alpha-(1->6)-fucosyltransferase activity","GO:0046921"
"1572","Q9BYC5","glycoprotein 6-alpha-L-fucosyltransferase activity","GO:0008424"
"1573","Q9BYC5","SH3 domain binding","GO:0017124"
"1574","Q9BZW8","MHC class I protein binding","GO:0042288"
"1575","Q9BZW8","signaling receptor activity","GO:0038023"
"1576","Q9GZV9","growth factor activity","GO:0008083"
"1577","Q9GZV9","type 1 fibroblast growth factor receptor binding","GO:0005105"
"1578","Q9H0C8","magnesium-dependent protein serine/threonine phosphatase activity","GO:0004724"
"1579","Q9H0C8","metal ion binding","GO:0046872"
"1580","Q9H0C8","protein serine/threonine phosphatase activity","GO:0004722"
"1581","Q9H1U4","extracellular matrix structural constituent","GO:0005201"
"1582","Q9H2A7","chemokine activity","GO:0008009"
"1583","Q9H2A7","low-density lipoprotein particle receptor activity","GO:0005041"
"1584","Q9H2A7","scavenger receptor activity","GO:0005044"
"1585","Q9H477","ATP binding","GO:0005524"
"1586","Q9H477","metal ion binding","GO:0046872"
"1587","Q9H477","ribokinase activity","GO:0004747"
"1588","Q9H4A9","dipeptidase activity","GO:0016805"
"1589","Q9H4A9","dipeptidyl-peptidase activity","GO:0008239"
"1590","Q9H4A9","metal ion binding","GO:0046872"
"1591","Q9H4A9","metalloexopeptidase activity","GO:0008235"
"1592","Q9H4F8","calcium ion binding","GO:0005509"
"1593","Q9H4F8","extracellular matrix binding","GO:0050840"
"1594","Q9HBE4","cytokine activity","GO:0005125"
"1595","Q9HBE4","cytokine receptor binding","GO:0005126"
"1596","Q9HBE4","interleukin-2 receptor binding","GO:0005134"
"1597","Q9HCB6","extracellular matrix structural constituent","GO:0005201"
"1598","Q9HCB6","LBD domain binding","GO:0050693"
"1599","Q9HCB6","metal ion binding","GO:0046872"
"1600","Q9HCN6","collagen binding","GO:0005518"
"1601","Q9HCN6","signaling receptor activity","GO:0038023"
"1602","Q9HCN6","transmembrane signaling receptor activity","GO:0004888"
"1603","Q9HD89","hormone activity","GO:0005179"
"1604","Q9NPY3","calcium ion binding","GO:0005509"
"1605","Q9NPY3","carbohydrate binding","GO:0030246"
"1606","Q9NPY3","complement component C1q binding","GO:0001849"
"1607","Q9NPY3","signaling receptor activity","GO:0038023"
"1608","Q9NPY3","transforming growth factor beta binding","GO:0050431"
"1609","Q9NQ76","extracellular matrix protein binding","GO:1990430"
"1610","Q9NQ76","extracellular matrix structural constituent","GO:0005201"
"1611","Q9NQ79","calcium ion binding","GO:0005509"
"1612","Q9NRG1","magnesium ion binding","GO:0000287"
"1613","Q9NRG1","nucleotide binding","GO:0000166"
"1614","Q9NRG1","protein homodimerization activity","GO:0042803"
"1615","Q9NRJ3","chemokine activity","GO:0008009"
"1616","Q9NSA1","fibroblast growth factor receptor binding","GO:0005104"
"1617","Q9NSA1","growth factor activity","GO:0008083"
"1618","Q9NYY1","cytokine activity","GO:0005125"
"1619","Q9NYY1","interleukin-20 receptor binding","GO:0045517"
"1620","Q9NYY1","interleukin-22 receptor binding","GO:0045518"
"1621","Q9P0M4","cytokine activity","GO:0005125"
"1622","Q9UBR2","carboxypeptidase activity","GO:0004180"
"1623","Q9UBR2","cysteine-type endopeptidase activity","GO:0004197"
"1624","Q9UBR2","cysteine-type peptidase activity","GO:0008234"
"1625","Q9UGM5","cysteine-type endopeptidase inhibitor activity","GO:0004869"
"1626","Q9UGM5","metalloendopeptidase inhibitor activity","GO:0008191"
"1627","Q9UHF4","cytokine receptor activity","GO:0004896"
"1628","Q9UHF4","interleukin-20 binding","GO:0042015"
"1629","Q9UHV9","protein folding chaperone","GO:0044183"
"1630","Q9UHV9","unfolded protein binding","GO:0051082"
"1631","Q9UJ72","calcium-dependent phospholipid binding","GO:0005544"
"1632","Q9UJ72","calcium ion binding","GO:0005509"
"1633","Q9UK53","metal ion binding","GO:0046872"
"1634","Q9UK53","methylated histone binding","GO:0035064"
"1635","Q9UKS7","DNA-binding transcription factor activity","GO:0003700"
"1636","Q9UKS7","metal ion binding","GO:0046872"
"1637","Q9UKS7","protein homodimerization activity","GO:0042803"
"1638","Q9UKS7","transcription regulatory region DNA binding","GO:0044212"
"1639","Q9UM47","cadherin binding","GO:0045296"
"1640","Q9UM47","calcium ion binding","GO:0005509"
"1641","Q9UM47","enzyme binding","GO:0019899"
"1642","Q9UM47","identical protein binding","GO:0042802"
"1643","Q9UM47","signaling receptor activity","GO:0038023"
"1644","Q9Y275","cytokine activity","GO:0005125"
"1645","Q9Y275","signaling receptor binding","GO:0005102"
"1646","Q9Y275","tumor necrosis factor receptor binding","GO:0005164"
"1647","Q9Y2V2","DNA-binding transcription factor activity, RNA polymerase II-specific","GO:0000981"
"1648","Q9Y2V2","mRNA 3'-UTR binding","GO:0003730"
"1649","Q9Y2V2","phosphatase binding","GO:0019902"
"1650","Q9Y4X3","CCR3 chemokine receptor binding","GO:0031728"
"1651","Q9Y4X3","chemokine activity","GO:0008009"
"1652","Q9Y5C1","enzyme inhibitor activity","GO:0004857"
"1653","Q9Y5C1","growth factor activity","GO:0008083"
"1654","Q9Y5C1","heparin binding","GO:0008201"
"1655","Q9Y5C1","integrin binding","GO:0005178"
"1656","Q9Y5C1","phospholipase inhibitor activity","GO:0004859"
"1657","Q9Y5P4","ceramide 1-phosphate binding","GO:1902387"
"1658","Q9Y5P4","ceramide 1-phosphate transfer activity","GO:1902388"
"1659","Q9Y5P4","ceramide binding","GO:0097001"
"1660","Q9Y5P4","ceramide transfer activity","GO:0120017"
"1661","Q9Y5P4","kinase activity","GO:0016301"
"1662","Q9Y5P4","lipid binding","GO:0008289"
"1663","Q9Y5P4","phosphatidylinositol-4-phosphate binding","GO:0070273"
"1664","Q9Y5Y7","hyaluronic acid binding","GO:0005540"
"1665","Q9Y5Y7","signaling receptor activity","GO:0038023"
"1666","Q9Y5Y7","transmembrane signaling receptor activity","GO:0004888"
"1667","Q9Y624","cadherin binding","GO:0045296"
"1668","Q9Y624","integrin binding","GO:0005178"
"1669","Q9Y624","PDZ domain binding","GO:0030165"
"1670","Q9Y624","protein homodimerization activity","GO:0042803"
"1671","Q9Y624","virus receptor activity","GO:0001618"
"1672","Q9Y653","collagen binding","GO:0005518"
"1673","Q9Y653","extracellular matrix binding","GO:0050840"
"1674","Q9Y653","G protein-coupled receptor activity","GO:0004930"
"1675","Q9Y653","heparin binding","GO:0008201"
"1676","Q9Y680","calcium ion binding","GO:0005509"
"1677","Q9Y680","peptidyl-prolyl cis-trans isomerase activity","GO:0003755"
"1678","Q9Y6D9","identical protein binding","GO:0042802"
"1679","Q9Y6D9","kinetochore binding","GO:0043515"
